BEGIN TRANSACTION;
CREATE TABLE IF NOT EXISTS "SmhiParameters" (
	"KeyId"	INTEGER NOT NULL,
	"Title"	TEXT NOT NULL,
	"Summary"	TEXT,
	PRIMARY KEY("KeyId")
);
CREATE TABLE IF NOT EXISTS "RunConfig" (
	"RunId"	INTEGER NOT NULL PRIMARY KEY AUTOINCREMENT,
	"StationId"	INTEGER NOT NULL,
	"ParameterId"	INTEGER NOT NULL,
	"Enabled"	INTEGER NOT NULL,
	"PeriodId"	INTEGER NOT NULL,
	FOREIGN KEY("PeriodId") REFERENCES "Periods"("PeriodId")
);
CREATE TABLE IF NOT EXISTS "Run" (
	"RunId"	INTEGER NOT NULL PRIMARY KEY AUTOINCREMENT,
	"StationId"	INTEGER NOT NULL,
	"ParameterId"	INTEGER NOT NULL,
	"Enabled"	INTEGER,
	"PeriodId"	INTEGER
);
CREATE TABLE IF NOT EXISTS "Data" (
	"DataId"	INTEGER NOT NULL PRIMARY KEY AUTOINCREMENT,
	"StationId"	INTEGER NOT NULL,
	"ParameterId"	INTEGER NOT NULL,
	"Temperature"	NUMERIC NOT NULL,
	"DateValue"	INTEGER,
	"TimeValue"	INTEGER,
	"DateTimeValue"	TEXT,
	"PeriodId"	INTEGER
);
CREATE TABLE IF NOT EXISTS "Periods" (
	"PeriodId"	INTEGER NOT NULL,
	"PeriodName"	TEXT NOT NULL,
	PRIMARY KEY("PeriodId")
);
CREATE TABLE IF NOT EXISTS "Stations" (
	"StationId"	INTEGER NOT NULL,
	"StationName"	TEXT NOT NULL,
	"Latitud"	NUMERIC,
	"Longitud"	NUMERIC,
	"Height"	INTEGER,
	"FromDateTime"	TEXT,
	"ToDateTime"	TEXT,
	"Active"	INTEGER NOT NULL,
	PRIMARY KEY("StationId")
);

INSERT INTO "SmhiParameters" VALUES (1,'Lufttemperatur','momentanvärde, 1 gång/tim');
INSERT INTO "SmhiParameters" VALUES (2,'Lufttemperatur','medelvärde 1 dygn, 1 gång/dygn, kl 00');
INSERT INTO "SmhiParameters" VALUES (3,'Vindriktning','medelvärde 10 min, 1 gång/tim');
INSERT INTO "SmhiParameters" VALUES (4,'Vindhastighet','medelvärde 10 min, 1 gång/tim');
INSERT INTO "SmhiParameters" VALUES (5,'Nederbördsmängd','summa 1 dygn, 1 gång/dygn, kl 06');
INSERT INTO "SmhiParameters" VALUES (6,'Relativ Luftfuktighet','momentanvärde, 1 gång/tim');
INSERT INTO "SmhiParameters" VALUES (7,'Nederbördsmängd','summa 1 timme, 1 gång/tim');
INSERT INTO "SmhiParameters" VALUES (8,'Snödjup','momentanvärde, 1 gång/dygn, kl 06');
INSERT INTO "SmhiParameters" VALUES (9,'Lufttryck reducerat havsytans nivå','vid havsytans nivå, momentanvärde, 1 gång/tim');
INSERT INTO "SmhiParameters" VALUES (10,'Solskenstid','summa 1 timme, 1 gång/tim');
INSERT INTO "SmhiParameters" VALUES (11,'Global Irradians (svenska stationer)','medelvärde 1 timme, 1 gång/tim');
INSERT INTO "SmhiParameters" VALUES (12,'Sikt','momentanvärde, 1 gång/tim');
INSERT INTO "SmhiParameters" VALUES (13,'Rådande väder','momentanvärde, 1 gång/tim resp 8 gånger/dygn');
INSERT INTO "SmhiParameters" VALUES (14,'Nederbördsmängd','summa 15 min, 4 gånger/tim');
INSERT INTO "SmhiParameters" VALUES (15,'Nederbördsintensitet','max under 15 min, 4 gånger/tim');
INSERT INTO "SmhiParameters" VALUES (16,'Total molnmängd','momentanvärde, 1 gång/tim');
INSERT INTO "SmhiParameters" VALUES (17,'Nederbörd','2 gånger/dygn, kl 06 och 18');
INSERT INTO "SmhiParameters" VALUES (18,'Nederbörd','1 gång/dygn, kl 18');
INSERT INTO "SmhiParameters" VALUES (19,'Lufttemperatur','min, 1 gång per dygn');
INSERT INTO "SmhiParameters" VALUES (20,'Lufttemperatur','max, 1 gång per dygn');
INSERT INTO "SmhiParameters" VALUES (21,'Byvind','max, 1 gång/tim');
INSERT INTO "SmhiParameters" VALUES (22,'Lufttemperatur','medel, 1 gång per månad');
INSERT INTO "SmhiParameters" VALUES (23,'Nederbördsmängd','summa, 1 gång per månad');
INSERT INTO "SmhiParameters" VALUES (24,'Långvågs-Irradians','Långvågsstrålning, medel 1 timme, varje timme');
INSERT INTO "SmhiParameters" VALUES (25,'Max av MedelVindhastighet','maximum av medelvärde 10 min, under 3 timmar, 1 gång/tim');
INSERT INTO "SmhiParameters" VALUES (26,'Lufttemperatur','min, 2 gånger per dygn, kl 06 och 18');
INSERT INTO "SmhiParameters" VALUES (27,'Lufttemperatur','max, 2 gånger per dygn, kl 06 och 18');
INSERT INTO "SmhiParameters" VALUES (28,'Molnbas','lägsta molnlager, momentanvärde, 1 gång/tim');
INSERT INTO "SmhiParameters" VALUES (29,'Molnmängd','lägsta molnlager, momentanvärde, 1 gång/tim');
INSERT INTO "SmhiParameters" VALUES (30,'Molnbas','andra molnlager, momentanvärde, 1 gång/tim');
INSERT INTO "SmhiParameters" VALUES (31,'Molnmängd','andra molnlager, momentanvärde, 1 gång/tim');
INSERT INTO "SmhiParameters" VALUES (32,'Molnbas','tredje molnlager, momentanvärde, 1 gång/tim');
INSERT INTO "SmhiParameters" VALUES (33,'Molnmängd','tredje molnlager, momentanvärde, 1 gång/tim');
INSERT INTO "SmhiParameters" VALUES (34,'Molnbas','fjärde molnlager, momentanvärde, 1 gång/tim');
INSERT INTO "SmhiParameters" VALUES (35,'Molnmängd','fjärde molnlager, momentanvärde, 1 gång/tim');
INSERT INTO "SmhiParameters" VALUES (36,'Molnbas','lägsta molnbas, momentanvärde, 1 gång/tim');
INSERT INTO "SmhiParameters" VALUES (37,'Molnbas','lägsta molnbas, min under 15 min, 1 gång/tim');
INSERT INTO "SmhiParameters" VALUES (38,'Nederbördsintensitet','max av medel under 15 min, 4 gånger/tim');
INSERT INTO "SmhiParameters" VALUES (39,'Daggpunktstemperatur','momentanvärde, 1 gång/tim');
INSERT INTO "SmhiParameters" VALUES (40,'Markens tillstånd','momentanvärde, 1 gång/dygn, kl 06');
INSERT INTO "RunConfig" VALUES (1,71380,1,0,1);
INSERT INTO "RunConfig" VALUES (2,71380,1,0,2);
INSERT INTO "RunConfig" VALUES (3,71380,1,0,3);
INSERT INTO "RunConfig" VALUES (4,71380,1,0,4);
INSERT INTO "RunConfig" VALUES (5,66110,1,0,1);
INSERT INTO "RunConfig" VALUES (6,66110,1,0,2);
INSERT INTO "RunConfig" VALUES (7,170860,1,0,1);
INSERT INTO "RunConfig" VALUES (8,72450,1,0,1);
INSERT INTO "RunConfig" VALUES (9,97530,1,0,1);
INSERT INTO "RunConfig" VALUES (10,97530,1,0,2);
INSERT INTO "RunConfig" VALUES (11,97530,1,0,3);
INSERT INTO "RunConfig" VALUES (12,97530,1,0,4);
INSERT INTO "RunConfig" VALUES (13,98210,1,1,1);
INSERT INTO "RunConfig" VALUES (14,98210,1,1,2);
INSERT INTO "RunConfig" VALUES (15,98210,1,1,3);
INSERT INTO "RunConfig" VALUES (16,98210,1,1,4);
INSERT INTO "Run" VALUES (1,71420,1,0,1);
INSERT INTO "Run" VALUES (2,52350,2,0,1);
INSERT INTO "Run" VALUES (3,71380,1,0,1);
INSERT INTO "Run" VALUES (4,85490,1,0,1);
INSERT INTO "Run" VALUES (5,97530,1,0,1);
INSERT INTO "Run" VALUES (6,71380,1,0,1);
INSERT INTO "Periods" VALUES (1,'latest-hour');
INSERT INTO "Periods" VALUES (2,'latest-day');
INSERT INTO "Periods" VALUES (3,'latest-months');
INSERT INTO "Periods" VALUES (4,'corrected-archive');
INSERT INTO "Stations" VALUES (52230,'Falsterbo',55.3837,12.8167,1.541,'-2840140800000','1608904800000',1);
INSERT INTO "Stations" VALUES (52240,'Falsterbo A',55.3837,12.8166,1.575,'1246406400000','1608904800000',1);
INSERT INTO "Stations" VALUES (52350,'Malmö A',55.5715,13.0708,19.757,'631152000000','1608904800000',1);
INSERT INTO "Stations" VALUES (52360,'Oskarsgrundet Aut',55.597,12.8575,1,'483753600000','929663999000',0);
INSERT INTO "Stations" VALUES (52510,'Örja Aut',55.8798,12.8705,11,'520560000000','725846399000',0);
INSERT INTO "Stations" VALUES (52550,'Ven',55.9,12.7166,20,'-283996800000','394329599000',0);
INSERT INTO "Stations" VALUES (52560,'Hilleshög',55.925,12.8472,60,'-236822400000','-234144001000',0);
INSERT INTO "Stations" VALUES (52620,'Weibullsholm',55.8722,12.8556,5,'-236822400000','-94694401000',0);
INSERT INTO "Stations" VALUES (52660,'Säbyholm',55.9,12.8333,10,'-283996800000','-10540801000',0);
INSERT INTO "Stations" VALUES (53180,'Rynge V',55.4741,13.6683,48,'825638400000','1451628000000',0);
INSERT INTO "Stations" VALUES (53200,'Smygehuk',55.3376,13.3563,5,'-915148800000','583718399000',0);
INSERT INTO "Stations" VALUES (53220,'Maglarp Aut',55.384,13.0595,17,'452217600000','813952800000',0);
INSERT INTO "Stations" VALUES (53230,'Trelleborg',55.381,13.1279,5,'-110592000000','55123199000',0);
INSERT INTO "Stations" VALUES (53250,'Jordberga',55.4114,13.4001,40,'-788918400000','157766399000',0);
INSERT INTO "Stations" VALUES (53260,'Ystad',55.441,13.8278,32,'-662688000000','431222399000',0);
INSERT INTO "Stations" VALUES (53270,'Köpinge',55.4575,13.9379,10,'-283996800000','157766399000',0);
INSERT INTO "Stations" VALUES (53300,'Sturup',55.5231,13.3787,72,'92016000000','1608904800000',1);
INSERT INTO "Stations" VALUES (53360,'Malmö',55.5782,13.0141,13,'-1375488000000','631151999000',0);
INSERT INTO "Stations" VALUES (53370,'Malmö 2',55.6048,12.9841,3,'-1667433600000','-178934401000',0);
INSERT INTO "Stations" VALUES (53390,'Alnarp Fruktavdelning',55.6571,13.0923,10,'-283996800000','15638399000',0);
INSERT INTO "Stations" VALUES (53430,'Lund',55.6932,13.2251,26.451,'-3376598400000','1608904800000',1);
INSERT INTO "Stations" VALUES (53440,'Lund LTH',55.7142,13.2152,73,'646790400000','920937599000',0);
INSERT INTO "Stations" VALUES (53460,'Lund geografiska institutionen',55.71,13.2,73,'-907372800000','-283996801000',0);
INSERT INTO "Stations" VALUES (53470,'Örtofta',55.7833,13.25,20,'-283996800000','157766399000',0);
INSERT INTO "Stations" VALUES (53480,'Kävlinge',55.8,13.1,30,'-283996800000','-113184001000',0);
INSERT INTO "Stations" VALUES (53510,'Trollenäs',55.8666,13.25,55,'49852800000','97372799000',0);
INSERT INTO "Stations" VALUES (53530,'Hörby A',55.8633,13.6662,113.388,'807235200000','1608904800000',1);
INSERT INTO "Stations" VALUES (53540,'Stehag',55.9033,13.3995,60,'-283996800000','617932799000',0);
INSERT INTO "Stations" VALUES (53560,'Svalöv',55.9081,13.1174,72,'-283996800000','631151999000',0);
INSERT INTO "Stations" VALUES (53580,'Teckomatorp',55.8778,13.0917,30,'-283996800000','-228873601000',0);
INSERT INTO "Stations" VALUES (53630,'Hököpinge',55.5,13.0166,17,'-788918400000','-39484801000',0);
INSERT INTO "Stations" VALUES (53640,'Alnarp',55.65,13.0833,10,'-788918400000','-26438401000',0);
INSERT INTO "Stations" VALUES (53650,'Björka',55.7,13.6333,32,'-662688000000','13046399000',0);
INSERT INTO "Stations" VALUES (53670,'Skivarp',55.4334,13.5805,20,'-283996800000','-215827201000',0);
INSERT INTO "Stations" VALUES (53710,'Ekebo',55.95,13.1333,80,'-788918400000','-81648001000',0);
INSERT INTO "Stations" VALUES (53720,'Staffanstorp',55.65,13.2166,20,'-283996800000','-39484801000',0);
INSERT INTO "Stations" VALUES (53770,'Arlöv sockerbruk',55.6333,13.0667,3,'-788918400000','-662688001000',0);
INSERT INTO "Stations" VALUES (54230,'Sandhammaren',55.3872,14.1947,4,'-107913600000','812505599000',0);
INSERT INTO "Stations" VALUES (54290,'Skillinge A',55.489,14.3144,4.016,'812505600000','1608904800000',1);
INSERT INTO "Stations" VALUES (54300,'Bollerup',55.4926,14.0395,57.568,'-788918400000','1606780799000',1);
INSERT INTO "Stations" VALUES (54310,'Hammenhög',55.5049,14.1589,50,'-788918400000','47174399000',0);
INSERT INTO "Stations" VALUES (54330,'Simrishamn',55.5449,14.3578,8,'-662688000000','846806399000',0);
INSERT INTO "Stations" VALUES (54390,'Sankt Olof',55.6402,14.1273,130,'-283996800000','504921599000',0);
INSERT INTO "Stations" VALUES (54400,'Stenshuvud',55.6646,14.2595,112,'84153600000','360201599000',0);
INSERT INTO "Stations" VALUES (54550,'Kristianstad Everöd',55.9245,14.0842,17,'-252460800000','820454399000',0);
INSERT INTO "Stations" VALUES (54580,'Ugerup',55.9657,14.1168,20,'-278899200000','47174399000',0);
INSERT INTO "Stations" VALUES (54650,'Gärsnäs',55.55,14.1833,45,'-788918400000','-26438401000',0);
INSERT INTO "Stations" VALUES (54990,'Kristianstad V',56.0239,14.1027,7,'1291161600000','1608904800000',0);
INSERT INTO "Stations" VALUES (55570,'Utklippan A',55.9557,15.7048,2.391,'-662688000000','1608904800000',1);
INSERT INTO "Stations" VALUES (62030,'Helsingborg',56.0431,12.6906,5,'-788918400000','807235199000',0);
INSERT INTO "Stations" VALUES (62040,'Helsingborg A',56.0304,12.7653,43,'807235200000','1608904800000',1);
INSERT INTO "Stations" VALUES (62080,'Hasslarp',56.1333,12.8166,10,'-788918400000','157766399000',0);
INSERT INTO "Stations" VALUES (62130,'Munka-Ljungby',56.2287,12.9834,20,'1020211200000','1412121599000',0);
INSERT INTO "Stations" VALUES (62140,'Nyhamnsläge',56.2451,12.5401,12.454,'888710400000','1606780799000',1);
INSERT INTO "Stations" VALUES (62160,'Höganäs',56.1917,12.6014,5,'-473385600000','-236822401000',0);
INSERT INTO "Stations" VALUES (62180,'Barkåkra',56.2979,12.8441,18,'-662688000000','1608904800000',1);
INSERT INTO "Stations" VALUES (62190,'Kullen',56.3012,12.454,72,'-662688000000','888710399000',0);
INSERT INTO "Stations" VALUES (62250,'Hunnestorp V',56.404,12.9436,159,'825638400000','1608904800000',0);
INSERT INTO "Stations" VALUES (62260,'Hallands Väderö A',56.4496,12.5453,9.172,'-283996800000','1608904800000',1);
INSERT INTO "Stations" VALUES (62390,'Halmstad',56.675,12.9247,25,'1020211200000','1104537599000',0);
INSERT INTO "Stations" VALUES (62400,'Halmstad',56.6737,12.9242,24,'-3124137600000','1593561599000',0);
INSERT INTO "Stations" VALUES (62410,'Halmstad flygflottilj',56.6833,12.8333,30,'-786214800000','268099199000',0);
INSERT INTO "Stations" VALUES (62420,'Halmstad flygplats',56.6667,12.85,4,'-975628800000','-460339201000',0);
INSERT INTO "Stations" VALUES (62520,'Falkenberg',56.8994,12.4798,5,'912470400000','1057017599000',0);
INSERT INTO "Stations" VALUES (62530,'Eftra-Broen V',56.8625,12.6628,10,'825638400000','1608904800000',0);
INSERT INTO "Stations" VALUES (62550,'Glommen',56.9303,12.3579,6,'15638400000','802051199000',0);
INSERT INTO "Stations" VALUES (62560,'Jonstorp',56.931,12.5514,25,'-186710400000','883612799000',0);
INSERT INTO "Stations" VALUES (62600,'Båstad',56.45,12.7974,9,'-788918400000','-436665601000',0);
INSERT INTO "Stations" VALUES (62710,'Ängelholm',56.25,12.85,10,'-283996800000','-39484801000',0);
INSERT INTO "Stations" VALUES (63050,'Ljungbyhed',56.0752,13.2318,43,'-662688000000','995327999000',0);
INSERT INTO "Stations" VALUES (63080,'Hässleholm',56.1367,13.7445,50,'-589248000000','47174399000',0);
INSERT INTO "Stations" VALUES (63160,'Hästveda Mo',56.28,13.9431,102.5,'1267401600000','1608904800000',1);
INSERT INTO "Stations" VALUES (63220,'Osby',56.3741,13.9346,111,'-533779200000','1608904800000',1);
INSERT INTO "Stations" VALUES (63230,'Skånes Fagerhult',56.3666,13.4666,118,'-157766400000','76204799000',0);
INSERT INTO "Stations" VALUES (63280,'Markaryd',56.4577,13.6159,113.846,'76204800000','1608904800000',1);
INSERT INTO "Stations" VALUES (63320,'Knäred',56.5216,13.3369,60,'-788918400000','31535999000',0);
INSERT INTO "Stations" VALUES (63340,'Genevad',56.5684,13.0338,20,'-788918400000','1025481599000',0);
INSERT INTO "Stations" VALUES (63440,'Simlångsdalen',56.7154,13.1247,75,'-283996800000','512697599000',0);
INSERT INTO "Stations" VALUES (63450,'Singeshult',56.7429,13.3608,165,'-283996800000','846806399000',0);
INSERT INTO "Stations" VALUES (63470,'Exens flygplats',56.6778,13.7792,127,'-473385600000','-283996801000',0);
INSERT INTO "Stations" VALUES (63500,'Ljungby',56.8203,13.9469,145,'-249782400000','1220227199000',0);
INSERT INTO "Stations" VALUES (63510,'Ljungby A',56.8525,13.8794,148.485,'807235200000','1608904800000',1);
INSERT INTO "Stations" VALUES (63530,'Fröslida',56.8666,13.0666,70,'-283996800000','76204799000',0);
INSERT INTO "Stations" VALUES (63590,'Torup A',56.9494,13.0601,132.532,'1199145600000','1608904800000',1);
INSERT INTO "Stations" VALUES (63600,'Torup',56.9632,13.0712,85,'89424000000','1217548799000',0);
INSERT INTO "Stations" VALUES (63610,'Kolleberga',56.0666,13.2666,50,'-649641600000','-165715201000',0);
INSERT INTO "Stations" VALUES (63670,'Lidhult',56.8333,13.4473,170,'-788918400000','-397180801000',0);
INSERT INTO "Stations" VALUES (64020,'Hanö A',56.0135,14.8463,58.622,'-915148800000','1608904800000',1);
INSERT INTO "Stations" VALUES (64030,'Kristianstad',56.0133,14.2896,10,'-2892844800000','1608904800000',1);
INSERT INTO "Stations" VALUES (64040,'Karpalund',56.05,14.1,4,'-788918400000','157766399000',0);
INSERT INTO "Stations" VALUES (64130,'Karlshamn',56.1813,14.8517,50,'-3124137600000','1608904800000',1);
INSERT INTO "Stations" VALUES (64170,'Olofström',56.2773,14.5177,65,'49852800000','68255999000',0);
INSERT INTO "Stations" VALUES (64290,'Urshult-Kunninge',56.4782,14.8024,145,'638928000000','1130803199000',0);
INSERT INTO "Stations" VALUES (64320,'Tingsryd-Degerhaga',56.5375,14.8989,162.965,'1193875200000','1608904800000',1);
INSERT INTO "Stations" VALUES (64330,'Ekefors',56.5546,14.7571,145,'-788918400000','631151999000',0);
INSERT INTO "Stations" VALUES (64390,'Sånnahult',56.5875,14.8014,175,'-278899200000','-257731201000',0);
INSERT INTO "Stations" VALUES (64400,'Uråsa',56.6833,14.95,167,'-244684800000','160444799000',0);
INSERT INTO "Stations" VALUES (64510,'Växjö A',56.8463,14.8296,198.861,'807235200000','1608904800000',1);
INSERT INTO "Stations" VALUES (64520,'Växjö',56.8427,14.8176,170,'-3471292800000','1164931199000',0);
INSERT INTO "Stations" VALUES (64560,'Växjö-Kronoberg',56.9252,14.7333,182,'483753600000','809913599000',0);
INSERT INTO "Stations" VALUES (64600,'Rinkaby',55.9833,14.2666,7,'-541728000000','-236822401000',0);
INSERT INTO "Stations" VALUES (64620,'Ryd',56.45,14.7166,140,'-157766400000','-73699201000',0);
INSERT INTO "Stations" VALUES (64630,'Sjöaryd',56.5166,14.75,150,'-63158400000','5097599000',0);
INSERT INTO "Stations" VALUES (64650,'Ulvö',56.6,14.6472,145,'-662688000000','-352425601000',0);
INSERT INTO "Stations" VALUES (65020,'Ungskär',56.0419,15.8081,2,'86745600000','823132799000',0);
INSERT INTO "Stations" VALUES (65090,'Karlskrona-Söderstjerna Mo',56.15,15.589,2.4,'1267401600000','1608904800000',1);
INSERT INTO "Stations" VALUES (65130,'Marielund',56.2182,15.5331,25,'-283996800000','257558399000',0);
INSERT INTO "Stations" VALUES (65160,'Ronneby-Bredåkra',56.267,15.265,58.2,'-662688000000','1608904800000',1);
INSERT INTO "Stations" VALUES (65310,'Vissefjärda',56.5124,15.6235,114,'173404800000','715305599000',0);
INSERT INTO "Stations" VALUES (65360,'Rörsbo',56.601,15.5192,140,'-662688000000','223603199000',0);
INSERT INTO "Stations" VALUES (65450,'Lessebo',56.7486,15.2747,170,'-94694400000','1154390399000',0);
INSERT INTO "Stations" VALUES (65510,'Kosta Mo',56.841,15.471,230,'830908800000','1608904800000',1);
INSERT INTO "Stations" VALUES (65730,'Ronneby',56.2,15.2833,10,'-1230768000000','-283996801000',0);
INSERT INTO "Stations" VALUES (66040,'Ölands södra grund Aut',56.07,16.68,1,'-283996800000','749433599000',0);
INSERT INTO "Stations" VALUES (66110,'Ölands södra udde A',56.1977,16.4005,1.53,'807235200000','1608904800000',1);
INSERT INTO "Stations" VALUES (66120,'Ölands södra udde',56.1957,16.401,3,'-1033603200000','815183999000',0);
INSERT INTO "Stations" VALUES (66320,'Mörbylånga',56.5192,16.3918,2,'-283996800000','1608904800000',1);
INSERT INTO "Stations" VALUES (66400,'Ölandsbron V',56.6669,16.4609,0,'825638400000','1451628000000',0);
INSERT INTO "Stations" VALUES (66420,'Kalmar flygplats',56.6784,16.2922,6,'-820540800000','1608904800000',1);
INSERT INTO "Stations" VALUES (66430,'Kalmar',56.727,16.2944,15,'-3218832000000','823132799000',0);
INSERT INTO "Stations" VALUES (66460,'Svartingstorp',56.786,16.3296,20,'-236822400000','126230399000',0);
INSERT INTO "Stations" VALUES (66470,'Ekerum',56.7849,16.5812,40,'-788918400000','120959999000',0);
INSERT INTO "Stations" VALUES (66500,'Skedemosse',56.823,16.7337,25,'239241600000','1325375999000',0);
INSERT INTO "Stations" VALUES (66630,'Ölvingstorp',56.6166,16.1166,15,'-283996800000','-79056001000',0);
INSERT INTO "Stations" VALUES (68550,'Hoburg',56.9222,18.1471,38,'-2845411200000','1346457599000',0);
INSERT INTO "Stations" VALUES (68560,'Hoburg A',56.9209,18.1506,34.118,'1243814400000','1608904800000',1);
INSERT INTO "Stations" VALUES (71140,'Laesö Ost A',57.1834,11.5332,4,'1093996800000','1270079999000',0);
INSERT INTO "Stations" VALUES (71190,'Nidingen A',57.3036,11.9049,3.785,'-10540800000','1608904800000',1);
INSERT INTO "Stations" VALUES (71360,'Trubaduren Aut',57.596,11.6352,1,'281318400000','1181606399000',0);
INSERT INTO "Stations" VALUES (71380,'Vinga A',57.6322,11.6048,18.205,'-3800044800000','1608904800000',1);
INSERT INTO "Stations" VALUES (71420,'Göteborg A',57.7156,11.9924,3.038,'-283996800000','1608904800000',1);
INSERT INTO "Stations" VALUES (71430,'Torslanda',57.7166,11.7833,3,'-662688000000','244511999000',0);
INSERT INTO "Stations" VALUES (71470,'Säve',57.7786,11.8824,20,'-820540800000','1165363199000',0);
INSERT INTO "Stations" VALUES (71500,'Säve-Skålvisered',57.8305,11.92,20,'1033430400000','1199231999000',0);
INSERT INTO "Stations" VALUES (71510,'Kärna',57.8421,11.8049,20.66,'1230768000000','1608904800000',1);
INSERT INTO "Stations" VALUES (72070,'Grimeton',57.1088,12.394,35,'-220924800000','202435199000',0);
INSERT INTO "Stations" VALUES (72080,'Varberg',57.1093,12.2961,33.965,'-2842819200000','1606780799000',1);
INSERT INTO "Stations" VALUES (72090,'Ullared A',57.1134,12.7732,122.356,'807235200000','1608904800000',1);
INSERT INTO "Stations" VALUES (72120,'Fagered',57.1978,12.8129,100,'-788918400000','1167609599000',0);
INSERT INTO "Stations" VALUES (72140,'Källsjö',57.2322,12.7018,153.9,'1222819200000','1608904800000',1);
INSERT INTO "Stations" VALUES (72150,'Ringhals',57.253,12.1032,10,'-39484800000','378691199000',0);
INSERT INTO "Stations" VALUES (72160,'Ringhals Aut',57.2577,12.107,10,'339206400000','875663999000',0);
INSERT INTO "Stations" VALUES (72290,'Örby',57.4833,12.7,90,'-283996800000','244511999000',0);
INSERT INTO "Stations" VALUES (72300,'Rossared D',57.485,12.1997,15,'-283996800000','236563199000',0);
INSERT INTO "Stations" VALUES (72340,'Sandsjöbacka',57.5571,12.0387,50,'281318400000','425865599000',0);
INSERT INTO "Stations" VALUES (72400,'Bollebygd',57.661,12.5521,65,'-788918400000','536457599000',0);
INSERT INTO "Stations" VALUES (72420,'Landvetter Flygplats',57.6764,12.2919,154,'244512000000','1608904800000',1);
INSERT INTO "Stations" VALUES (72450,'Borås',57.7611,12.9493,135,'-2713910400000','1608904800000',1);
INSERT INTO "Stations" VALUES (72520,'Uddabo',57.8701,12.7074,245,'1062374400000','1112313599000',0);
INSERT INTO "Stations" VALUES (72630,'Göteborg',57.6996,11.9673,30,'-3124137600000','-283996801000',0);
INSERT INTO "Stations" VALUES (73090,'Stora Segerstad',57.1461,13.5609,180,'-283996800000','933465599000',0);
INSERT INTO "Stations" VALUES (73170,'Gislaved',57.2847,13.5324,165,'78796800000','312854399000',0);
INSERT INTO "Stations" VALUES (73190,'Våthultström',57.3166,13.4333,163,'-283996800000','78796799000',0);
INSERT INTO "Stations" VALUES (73230,'Hestra D',57.4669,13.6319,220,'120960000000','823132799000',1);
INSERT INTO "Stations" VALUES (73250,'Ambjörnarp',57.4166,13.2833,220,'-662688000000','92015999000',0);
INSERT INTO "Stations" VALUES (73390,'Fägerhult',57.6468,13.2369,170,'993945600000','1277942399000',0);
INSERT INTO "Stations" VALUES (73430,'Dalsjöfors',57.722,13.1238,257,'-336787200000','278726399000',0);
INSERT INTO "Stations" VALUES (73470,'Ulricehamn',57.8052,13.4083,175,'-2461449600000','1608904800000',1);
INSERT INTO "Stations" VALUES (73480,'Rångedala A',57.7846,13.1642,297.467,'807235200000','1608904800000',1);
INSERT INTO "Stations" VALUES (73560,'Mullsjö',57.9166,13.8833,240,'-283996800000','49852799000',0);
INSERT INTO "Stations" VALUES (73570,'Molla',57.936,13.0668,190,'299635200000','1009843199000',0);
INSERT INTO "Stations" VALUES (73610,'Kinnared',57.0333,13.1166,100,'-283996800000','31535999000',0);
INSERT INTO "Stations" VALUES (73660,'Tinghalla',57.9666,13.85,278,'-247363200000','20995199000',0);
INSERT INTO "Stations" VALUES (73690,'Äspered',57.9331,13.1805,294,'-541728000000','-336787201000',0);
INSERT INTO "Stations" VALUES (74080,'Berg',57.121,14.6931,250,'-15897600000','1606780799000',1);
INSERT INTO "Stations" VALUES (74180,'Hagshult Mo',57.292,14.137,169.6,'-662688000000','1608904800000',1);
INSERT INTO "Stations" VALUES (74240,'Nävelsjö',57.4042,14.891,215,'-283996800000','589075199000',0);
INSERT INTO "Stations" VALUES (74300,'Tomtabacken A',57.4981,14.4645,355.895,'814665600000','1608904800000',1);
INSERT INTO "Stations" VALUES (74340,'Spinkabo',57.5653,14.4693,285,'60393600000','725846399000',0);
INSERT INTO "Stations" VALUES (74350,'Gödeberg',57.5666,14.6333,350,'-788918400000','247190399000',0);
INSERT INTO "Stations" VALUES (74390,'Nässjö',57.6431,14.6895,305,'-283996800000','823132799000',0);
INSERT INTO "Stations" VALUES (74410,'Hedenstorp',57.7653,14.1111,210,'-323568000000','-281318401000',0);
INSERT INTO "Stations" VALUES (74420,'Flahult',57.6898,14.1455,224,'-2145916800000','1420070399000',0);
INSERT INTO "Stations" VALUES (74440,'Prästkulla',57.7236,14.9829,293.95,'-283996800000','1608904800000',1);
INSERT INTO "Stations" VALUES (74450,'Jönköpings gamla flygplats',57.75,14.17,98,'-1046649600000','-344476801000',0);
INSERT INTO "Stations" VALUES (74460,'Jönköpings flygplats',57.7514,14.0733,226,'-252460800000','1608904800000',1);
INSERT INTO "Stations" VALUES (74470,'Jönköping',57.7666,14.1833,98,'-3124137600000','276047999000',0);
INSERT INTO "Stations" VALUES (74480,'Huskvarna',57.7867,14.2837,94.291,'-788918400000','247190399000',1);
INSERT INTO "Stations" VALUES (74490,'Ramsjöholm',57.8431,14.4286,232.76,'-283996800000','1608904800000',1);
INSERT INTO "Stations" VALUES (74510,'Aneby',57.8232,14.8913,240,'986083200000','1120175999000',0);
INSERT INTO "Stations" VALUES (74530,'Lommaryd',57.8887,14.7342,240,'-283996800000','962409599000',0);
INSERT INTO "Stations" VALUES (74600,'Aneboda 2',57.1167,14.5639,195,'-649641600000','-236822401000',0);
INSERT INTO "Stations" VALUES (74630,'Naglarp',57.4666,14.8833,250,'-126230400000','31535999000',0);
INSERT INTO "Stations" VALUES (74640,'Lannaskede',57.3832,14.8638,210,'-788918400000','-347155201000',0);
INSERT INTO "Stations" VALUES (74650,'Strandvallen',57.85,14.2833,110,'-283996800000','-89596801000',0);
INSERT INTO "Stations" VALUES (75040,'Allgunnen',57.0666,15.9681,115,'-631152000000','315532799000',0);
INSERT INTO "Stations" VALUES (75100,'Åseda',57.1462,15.3987,230,'-13219200000','946684799000',0);
INSERT INTO "Stations" VALUES (75120,'Drageryd',57.2001,15.9666,77,'249782400000','1328054399000',0);
INSERT INTO "Stations" VALUES (75140,'Blankaström',57.2166,15.9166,80,'-788918400000','233971199000',0);
INSERT INTO "Stations" VALUES (75160,'Ryningsnäs',57.2666,15.9333,90,'-283996800000','47174399000',0);
INSERT INTO "Stations" VALUES (75240,'Målilla',57.3964,15.8315,100,'-283996800000','1349049599000',0);
INSERT INTO "Stations" VALUES (75250,'Målilla A',57.3845,15.8009,95.667,'1199145600000','1608904800000',1);
INSERT INTO "Stations" VALUES (75380,'Hässleby',57.6295,15.5725,190,'-675907200000','552095999000',0);
INSERT INTO "Stations" VALUES (75400,'Vimmerby',57.6687,15.8518,110,'-283996800000','620611199000',0);
INSERT INTO "Stations" VALUES (75410,'Hultsfred',57.4931,15.8528,109,'-662688000000','-123552060000',0);
INSERT INTO "Stations" VALUES (75520,'Horn A',57.8861,15.8623,89.822,'818985600000','1608904800000',1);
INSERT INTO "Stations" VALUES (75630,'Vetlanda',57.4166,15.0666,200,'-218246400000','-126230401000',0);
INSERT INTO "Stations" VALUES (75650,'Kimramåla',57,15.847,146,'-788918400000','-725846401000',0);
INSERT INTO "Stations" VALUES (76000,'Sandbäckshult',56.9835,16.283,37,'-283996800000','1104537599000',0);
INSERT INTO "Stations" VALUES (76090,'Karlshammar',57.15,16.45,8,'-788918400000','-110592001000',0);
INSERT INTO "Stations" VALUES (76160,'Oskarshamn',57.267,16.4114,12.072,'-283996800000','1608904800000',1);
INSERT INTO "Stations" VALUES (76380,'Tovehult',57.642,16.5682,25,'-283996800000','567993599000',0);
INSERT INTO "Stations" VALUES (76420,'Gladhammar A',57.7068,16.4526,35.277,'807235200000','1608904800000',1);
INSERT INTO "Stations" VALUES (76430,'Gunnebo',57.7166,16.5333,18,'-283996800000','107740799000',0);
INSERT INTO "Stations" VALUES (76470,'Västervik',57.7213,16.4683,33,'-3487190400000','807235199000',0);
INSERT INTO "Stations" VALUES (76530,'Ogestad',57.8748,16.1689,81,'-283996800000','1249084799000',0);
INSERT INTO "Stations" VALUES (77170,'Mossen',57.2833,17.0042,10,'-283996800000','328665599000',0);
INSERT INTO "Stations" VALUES (77180,'Stora Karlsö',57.2893,17.9623,40,'-283996800000','623203199000',0);
INSERT INTO "Stations" VALUES (77210,'Ölands norra udde A',57.3671,17.0954,2.762,'807235200000','1608904800000',1);
INSERT INTO "Stations" VALUES (77220,'Ölands norra udde',57.3665,17.0976,2.039,'-2845411200000','1606780799000',1);
INSERT INTO "Stations" VALUES (78030,'Valar',57.0278,18.2194,15,'-283996800000','-236822401000',0);
INSERT INTO "Stations" VALUES (78040,'Näsudden Aut',57.0735,18.2222,5,'349833600000','920246399000',0);
INSERT INTO "Stations" VALUES (78050,'Bobbenarve',57.0333,18.2833,8,'-788918400000','-439171201000',0);
INSERT INTO "Stations" VALUES (78140,'Hemse',57.2437,18.3788,22.072,'-788918400000','1606780799000',1);
INSERT INTO "Stations" VALUES (78240,'Buttle',57.4034,18.5297,45,'-239414400000','428543999000',0);
INSERT INTO "Stations" VALUES (78250,'Herrvik',57.4208,18.9174,5,'-47433600000','820454399000',0);
INSERT INTO "Stations" VALUES (78280,'Östergarnsholm A',57.4408,18.9839,8.127,'-473385600000','1608904800000',1);
INSERT INTO "Stations" VALUES (78290,'Roma V',57.5436,18.4253,32,'825638400000','1608904800000',0);
INSERT INTO "Stations" VALUES (78300,'Roma Aut',57.4998,18.4639,32,'436492800000','936662399000',0);
INSERT INTO "Stations" VALUES (78310,'Roma',57.5069,18.4539,32,'-283996800000','139276799000',0);
INSERT INTO "Stations" VALUES (78320,'Mästerby',57.4725,18.2739,36.385,'1480550400000','1608904800000',1);
INSERT INTO "Stations" VALUES (78360,'Stenstugu Försöksgård',57.5979,18.4507,45,'-283996800000','139276799000',0);
INSERT INTO "Stations" VALUES (78390,'Visby',57.636,18.2891,28,'-3484512000000','515289599000',0);
INSERT INTO "Stations" VALUES (78400,'Visby Flygplats',57.6614,18.3428,42,'-765331200000','1608904800000',1);
INSERT INTO "Stations" VALUES (78550,'Fårösund Ar A',57.9165,18.9533,12.756,'807235200000','1608904800000',1);
INSERT INTO "Stations" VALUES (79580,'Fårö',57.8987,19.1592,8,'-915148800000','820454399000',0);
INSERT INTO "Stations" VALUES (81010,'Säby',58.0201,11.6015,10,'-283996800000','883612799000',0);
INSERT INTO "Stations" VALUES (81040,'Rörastrand',58.0578,11.6454,9.465,'915148800000','1608904800000',1);
INSERT INTO "Stations" VALUES (81050,'Måseskär A',58.0937,11.3312,14.973,'807235200000','1608904800000',1);
INSERT INTO "Stations" VALUES (81060,'Måseskär',58.0944,11.3348,14,'-1956614400000','815183999000',0);
INSERT INTO "Stations" VALUES (81130,'Ljungskile',58.2159,11.9321,70,'328665600000','823132799000',0);
INSERT INTO "Stations" VALUES (81210,'Uddevalla',58.355,11.9541,10,'-265680000000','425865599000',0);
INSERT INTO "Stations" VALUES (81220,'Smögen',58.3571,11.2276,20,'2678400000','457487999000',0);
INSERT INTO "Stations" VALUES (81320,'Dingle',58.5289,11.5724,20,'-788918400000','1036108799000',0);
INSERT INTO "Stations" VALUES (81340,'Svarteborg',58.5707,11.5572,70,'-283996800000','512697599000',0);
INSERT INTO "Stations" VALUES (81350,'Väderöarna A',58.576,11.0661,22.356,'-105235200000','1608904800000',1);
INSERT INTO "Stations" VALUES (81370,'Hud V',58.6608,11.4178,95,'825638400000','1608904800000',0);
INSERT INTO "Stations" VALUES (81540,'Nordkoster A',58.892,11.0038,33.362,'-73699200000','1608904800000',1);
INSERT INTO "Stations" VALUES (81560,'Strömstad',58.9333,11.2,20,'-639100800000','118281599000',0);
INSERT INTO "Stations" VALUES (81620,'Väderöbod',58.55,11.0333,7,'-662688000000','-142128001000',0);
INSERT INTO "Stations" VALUES (81630,'Hållö',58.3333,11.2166,16,'-283996800000','-1000',0);
INSERT INTO "Stations" VALUES (81640,'Ursholmen',58.8333,11,6,'-1262304000000','-155088001000',0);
INSERT INTO "Stations" VALUES (82000,'Alvhem',58.0067,12.1454,5,'-283996800000','694223999000',0);
INSERT INTO "Stations" VALUES (82010,'Vårgårda-Hägrunga',58.0166,12.8333,148,'-239414400000','236563199000',0);
INSERT INTO "Stations" VALUES (82030,'Garn',58.0492,12.1563,15,'762588000000','1225497599000',0);
INSERT INTO "Stations" VALUES (82090,'Åsbräcka-Torpabron V',58.1997,12.1541,17,'825638400000','1608904800000',0);
INSERT INTO "Stations" VALUES (82100,'Koberg',58.1666,12.4166,78,'-788918400000','-433987201000',0);
INSERT INTO "Stations" VALUES (82110,'Gendalen',58.1582,12.6448,87.63,'-228873600000','1606780799000',1);
INSERT INTO "Stations" VALUES (82190,'Trollhättans Flygplats',58.3141,12.3292,43,'-283996800000','302313599000',0);
INSERT INTO "Stations" VALUES (82200,'Grästorp',58.3354,12.6767,55,'-283996800000','-265680001000',0);
INSERT INTO "Stations" VALUES (82230,'Vänersborg',58.3543,12.3585,47.996,'-3484512000000','1606780799000',1);
INSERT INTO "Stations" VALUES (82250,'Såtenäs D',58.4397,12.6928,55,'1022889600000','1277942399000',0);
INSERT INTO "Stations" VALUES (82260,'Såtenäs',58.428,12.711,55.1,'-662688000000','1608904800000',1);
INSERT INTO "Stations" VALUES (82350,'Erikstad-Bergarud V',58.6003,12.413,59,'825638400000','1608904800000',0);
INSERT INTO "Stations" VALUES (82360,'Kroppefjäll-Granan A',58.6065,12.1973,173.75,'807235200000','1608904800000',1);
INSERT INTO "Stations" VALUES (82380,'Erikstad',58.6336,12.4129,65,'-181526400000','573177599000',0);
INSERT INTO "Stations" VALUES (82540,'Bastorp',58.904,12.038,150,'-157744800000','823132799000',0);
INSERT INTO "Stations" VALUES (82620,'Trollhättan',58.3,12.3166,42,'-283996800000','-89596801000',0);
INSERT INTO "Stations" VALUES (82640,'Brålanda',58.5666,12.3666,65,'-788918400000','31535999000',0);
INSERT INTO "Stations" VALUES (82650,'Ödebyn',58.7833,12.1833,150,'-494553600000','-181526401000',0);
INSERT INTO "Stations" VALUES (82660,'Ödskölt',58.8458,12.1472,175,'-662688000000','-494812801000',0);
INSERT INTO "Stations" VALUES (83040,'Kymbo V',58.0794,13.785,222,'825638400000','1608904800000',0);
INSERT INTO "Stations" VALUES (83050,'Simonstorp',58.0788,13.3957,190,'-283996800000','1104537599000',0);
INSERT INTO "Stations" VALUES (83090,'Falköping',58.1584,13.5397,205,'-586569600000','102470399000',0);
INSERT INTO "Stations" VALUES (83130,'Längjum',58.2212,13.0607,95,'-283996800000','1104537599000',0);
INSERT INTO "Stations" VALUES (83170,'Borgunda',58.288,13.7995,181,'34214400000','823132799000',0);
INSERT INTO "Stations" VALUES (83190,'Hällum A',58.3218,13.0379,70.071,'818985600000','1608904800000',1);
INSERT INTO "Stations" VALUES (83200,'Skara-Stenum',58.37,13.52,130,'57801600000','105062399000',0);
INSERT INTO "Stations" VALUES (83210,'Lanna',58.3476,13.1296,80,'-788918400000','567993599000',1);
INSERT INTO "Stations" VALUES (83230,'Skövde',58.3949,13.8436,150,'-283996800000','1608904800000',1);
INSERT INTO "Stations" VALUES (83240,'Skara-Ekeberg',58.4,13.55,130,'-15897600000','57801599000',0);
INSERT INTO "Stations" VALUES (83260,'Skara-Västerskog',58.38,13.33,105,'105062400000','118281599000',0);
INSERT INTO "Stations" VALUES (83270,'Skara',58.4072,13.4407,115,'123552000000','1608904800000',1);
INSERT INTO "Stations" VALUES (83280,'Remningstorp',58.4529,13.6671,140,'-283996800000','1548979199000',0);
INSERT INTO "Stations" VALUES (83320,'Lidköping',58.4666,13.1166,50,'-788918400000','347155199000',0);
INSERT INTO "Stations" VALUES (83340,'Västerplana',58.5586,13.3508,128,'-157744800000','678326399000',0);
INSERT INTO "Stations" VALUES (83420,'Naven A',58.6998,13.1109,53,'833587200000','1608904800000',1);
INSERT INTO "Stations" VALUES (83440,'Mariestad',58.7136,13.823,50,'-283996800000','1608904800000',1);
INSERT INTO "Stations" VALUES (83460,'Lurö',58.7904,13.2534,55,'-283996800000','870739140000',0);
INSERT INTO "Stations" VALUES (83540,'Åkershus',58.898,13.2517,50,'-128908800000','823132799000',0);
INSERT INTO "Stations" VALUES (83610,'Högstena',58.2333,13.7166,211,'-231465600000','-157766401000',0);
INSERT INTO "Stations" VALUES (83620,'Skara',58.4,13.45,116,'-3484512000000','-23760001000',0);
INSERT INTO "Stations" VALUES (83640,'Björnegården',58.5166,13.0666,75,'-662688000000','-213148801000',0);
INSERT INTO "Stations" VALUES (83660,'Kvänum',58.3165,13.1472,75,'-662688000000','-242092801000',0);
INSERT INTO "Stations" VALUES (83670,'Klagstorp',58.3331,13.8804,130,'-788918400000','-189388801000',0);
INSERT INTO "Stations" VALUES (84020,'Tranås',58.0389,14.9853,155,'-255139200000','110332799000',0);
INSERT INTO "Stations" VALUES (84050,'Visingsö A',58.0948,14.4058,93.582,'818985600000','1608904800000',1);
INSERT INTO "Stations" VALUES (84060,'Visingsö',58.0908,14.401,110,'-252460800000','510019199000',0);
INSERT INTO "Stations" VALUES (84140,'Ödeshög D',58.2546,14.653,120.381,'1504224000000','1506815999000',1);
INSERT INTO "Stations" VALUES (84260,'Örberga',58.4274,14.826,105,'657417600000','733622399000',0);
INSERT INTO "Stations" VALUES (84310,'Karlsborg Mo',58.514,14.507,94.5,'-599616000000','1608904800000',1);
INSERT INTO "Stations" VALUES (84340,'Axstål Mo',58.571,14.557,88.5,'1149120000000','1608904800000',1);
INSERT INTO "Stations" VALUES (84390,'Fägre',58.6493,14.1265,95,'-143164800000','715305599000',0);
INSERT INTO "Stations" VALUES (84470,'Älgarås',58.7906,14.3188,130,'249782400000','473385599000',0);
INSERT INTO "Stations" VALUES (84520,'Gårdsjö A',58.8768,14.3875,210.675,'807235200000','1608904800000',1);
INSERT INTO "Stations" VALUES (84580,'Snavlunda',58.9671,14.8987,144,'-796867200000','431222399000',0);
INSERT INTO "Stations" VALUES (84610,'Gränna',58.0333,14.4666,130,'-187747200000','-144720001000',0);
INSERT INTO "Stations" VALUES (84620,'Bällefors',58.5833,14.1166,90,'-647049600000','-160444801000',0);
INSERT INTO "Stations" VALUES (84630,'Tidan',58.55,14,90,'-283996800000','28857599000',0);
INSERT INTO "Stations" VALUES (84660,'Askersund',58.88,14.9,100,'-283996800000','-218246401000',0);
INSERT INTO "Stations" VALUES (85010,'Romanäs',58.0694,15.0222,155,'-283996800000','-263001601000',0);
INSERT INTO "Stations" VALUES (85020,'Tranås Aut',58.03,15.0206,185,'657417600000','678326399000',0);
INSERT INTO "Stations" VALUES (85040,'Malexander',58.0729,15.2352,195,'-662688000000','812505599000',0);
INSERT INTO "Stations" VALUES (85050,'Malexander A',58.0716,15.233,197.27,'812505600000','1608904800000',1);
INSERT INTO "Stations" VALUES (85130,'Åtvidaberg',58.2,15.9833,100,'-283996800000','165542399000',0);
INSERT INTO "Stations" VALUES (85160,'Bjärka-Säby',58.2662,15.7431,100,'-788918400000','449625599000',0);
INSERT INTO "Stations" VALUES (85180,'Härsnäs',58.2884,15.2336,126.803,'1180656000000','1608904800000',1);
INSERT INTO "Stations" VALUES (85210,'Herrberga',58.3935,15.2184,90,'247190400000','1177977599000',0);
INSERT INTO "Stations" VALUES (85220,'Öjebro',58.3833,15.2,85,'-283996800000','244511999000',0);
INSERT INTO "Stations" VALUES (85240,'Malmslätt',58.398,15.523,94,'-820540800000','1608904800000',1);
INSERT INTO "Stations" VALUES (85250,'Linköping',58.4166,15.6333,64,'-3505507200000','241919999000',0);
INSERT INTO "Stations" VALUES (85270,'Västerlösa',58.4447,15.3772,75,'1020211200000','1298937599000',0);
INSERT INTO "Stations" VALUES (85280,'Skärkind',58.472,16.0017,60,'249782400000','967766399000',0);
INSERT INTO "Stations" VALUES (85330,'Motala Kraftverk',58.5471,15.0753,94,'-283996800000','662687999000',0);
INSERT INTO "Stations" VALUES (85390,'Kvarn Mo',58.645,15.434,71.9,'1267401600000','1608904800000',1);
INSERT INTO "Stations" VALUES (85410,'Finspång',58.7104,15.8215,41,'657417600000','733622399000',0);
INSERT INTO "Stations" VALUES (85450,'Godegård',58.7936,15.1694,130,'-788918400000','573177599000',0);
INSERT INTO "Stations" VALUES (85460,'Kettstaka A',58.7162,15.0271,224.876,'807235200000','1608904800000',1);
INSERT INTO "Stations" VALUES (85490,'Zinkgruvan',58.8061,15.1253,213.468,'431222400000','1606780799000',1);
INSERT INTO "Stations" VALUES (85520,'Mariedamm',58.8509,15.164,132,'-199929600000','418003199000',0);
INSERT INTO "Stations" VALUES (85600,'Adelsnäs',58.1998,15.9802,97,'-788918400000','-283975200000',0);
INSERT INTO "Stations" VALUES (85630,'Västra Ny',58.65,15.05,120,'-283996800000','-94694401000',0);
INSERT INTO "Stations" VALUES (85650,'Kärnskogen',58.85,15.2833,108,'-631152000000','-210556801000',0);
INSERT INTO "Stations" VALUES (86010,'Tyllinge',58.0166,16.0833,110,'-283996800000','-47433601000',0);
INSERT INTO "Stations" VALUES (86090,'Falerum',58.1425,16.2102,80,'-47433600000','294364799000',0);
INSERT INTO "Stations" VALUES (86130,'Valdemarsvik',58.2148,16.5828,10,'657417600000','733622399000',0);
INSERT INTO "Stations" VALUES (86200,'Holma',58.3339,16.8157,5,'-242092800000','849398399000',0);
INSERT INTO "Stations" VALUES (86330,'Marviken',58.5491,16.8157,10,'-149990400000','1025481599000',0);
INSERT INTO "Stations" VALUES (86340,'Norrköping-SMHI',58.5828,16.147,40.334,'735955200000','1608904800000',1);
INSERT INTO "Stations" VALUES (86350,'Norrköping-Kungsängen',58.5842,16.2383,5,'-662688000000','336614399000',0);
INSERT INTO "Stations" VALUES (86360,'Norrköping',58.606,16.2127,3,'-283996800000','-181526401000',0);
INSERT INTO "Stations" VALUES (86370,'Norrköping-Sörby',58.6082,16.1212,27,'-662688000000','741484799000',0);
INSERT INTO "Stations" VALUES (86420,'Kolmården-Strömsfors A',58.6892,16.3069,153.613,'818985600000','1608904800000',1);
INSERT INTO "Stations" VALUES (86440,'Stavsjö Aut',58.7333,16.3667,60,'741484800000','825724799000',0);
INSERT INTO "Stations" VALUES (86470,'Simonstorp_ö',58.7847,16.1544,80,'-283996800000','1417651199000',0);
INSERT INTO "Stations" VALUES (86480,'Nyköpings Flygplats',58.7833,16.9166,42,'-820540800000','299635199000',0);
INSERT INTO "Stations" VALUES (86570,'Ripsa',58.9817,16.9168,40,'657417600000','733708799000',0);
INSERT INTO "Stations" VALUES (86650,'Kolmårdssanatoriet',58.6664,16.3301,90,'-1262304000000','-691632001000',0);
INSERT INTO "Stations" VALUES (86660,'Nyköping',58.7665,16.98,23,'-3484512000000','-283996801000',0);
INSERT INTO "Stations" VALUES (86700,'Övre Gränsö',58.35,16.8333,5,'-283996800000','-242092801000',0);
INSERT INTO "Stations" VALUES (87140,'Harstena A',58.2505,17.0106,14,'818985600000','1608904800000',1);
INSERT INTO "Stations" VALUES (87150,'Harstena',58.2502,17.0095,5,'-867974400000','1008028799000',0);
INSERT INTO "Stations" VALUES (87360,'Gustaf Dalen A',58.5929,17.4704,25,'191980800000','1228089599000',0);
INSERT INTO "Stations" VALUES (87400,'Oxelösund',58.6772,17.1199,7.154,'-283996800000','1608904800000',1);
INSERT INTO "Stations" VALUES (87440,'Landsort A',58.7429,17.8684,17.484,'807235200000','1608904800000',1);
INSERT INTO "Stations" VALUES (87450,'Landsort',58.7404,17.8655,12.653,'-3836829600000','1608904800000',1);
INSERT INTO "Stations" VALUES (87520,'Ökna',59.0833,16.3167,35,'-283996800000','-244684801000',0);
INSERT INTO "Stations" VALUES (87540,'Trosa',58.9,17.5666,5,'-283996800000','345859199000',0);
INSERT INTO "Stations" VALUES (87570,'Nynäshamn',58.919,17.9318,10,'-283996800000','-110592001000',0);
INSERT INTO "Stations" VALUES (88570,'Utö',58.9502,18.2669,40,'496972800000','780969599000',0);
INSERT INTO "Stations" VALUES (88580,'Stabbo',58.9733,18.4493,7,'13046400000','533779199000',0);
INSERT INTO "Stations" VALUES (88590,'Huvudskär',58.9639,18.5708,5,'-662688000000','-157766401000',0);
INSERT INTO "Stations" VALUES (89230,'Gotska Sandön A',58.3939,19.194,15.911,'818985600000','1608904800000',1);
INSERT INTO "Stations" VALUES (89240,'Gotska Sandön',58.3928,19.197,12,'-2845411200000','1167609599000',0);
INSERT INTO "Stations" VALUES (89560,'Huvudskär Ost A',58.9334,19.1833,4,'1093996800000','1279152000000',0);
INSERT INTO "Stations" VALUES (91130,'Bredviken',59.2184,11.9858,100,'-391910400000','862444799000',0);
INSERT INTO "Stations" VALUES (91370,'Djurskog',59.6072,11.9321,280,'-65836800000','1025481599000',0);
INSERT INTO "Stations" VALUES (91520,'Hångstad',59.8633,11.9746,130,'-21168000000','510019199000',0);
INSERT INTO "Stations" VALUES (91620,'Lennartsfors',59.3,11.9333,125,'-647049600000','-165715201000',0);
INSERT INTO "Stations" VALUES (91660,'Högsäter',59.88,11.97,135,'-283996800000','-21168001000',0);
INSERT INTO "Stations" VALUES (92030,'Åmål',59.0542,12.6969,60,'-283996800000','310262399000',0);
INSERT INTO "Stations" VALUES (92100,'Säffle',59.1407,12.9336,52.926,'-283996800000','1606780799000',1);
INSERT INTO "Stations" VALUES (92130,'Blomskog A',59.2213,12.0754,169.645,'807235200000','1608904800000',1);
INSERT INTO "Stations" VALUES (92170,'Blomskog',59.2891,12.0542,110,'-165693600000','820454399000',0);
INSERT INTO "Stations" VALUES (92370,'Brunsberg',59.6166,12.9833,70,'-788918400000','-94694401000',0);
INSERT INTO "Stations" VALUES (92380,'Årjäng',59.3833,12.1666,130,'-15897600000','60393599000',0);
INSERT INTO "Stations" VALUES (92400,'Arvika',59.6658,12.591,77,'-283996800000','820454399000',0);
INSERT INTO "Stations" VALUES (92410,'Arvika A',59.6743,12.6354,65.758,'807235200000','1608904800000',1);
INSERT INTO "Stations" VALUES (92480,'Adolfsfors',59.8,12.2333,125,'-788918400000','-725846401000',0);
INSERT INTO "Stations" VALUES (92630,'Kyrkerud',59.3833,12.1166,110,'-788918400000','-21168001000',0);
INSERT INTO "Stations" VALUES (93220,'Karlstad Flygplats',59.4446,13.3374,107,'-870566400000','1608904800000',1);
INSERT INTO "Stations" VALUES (93230,'Karlstad Aut',59.361,13.4728,46,'525916800000','778377599000',0);
INSERT INTO "Stations" VALUES (93240,'Varpnäs',59.4042,13.2667,68,'-283996800000','-63158401000',0);
INSERT INTO "Stations" VALUES (93250,'Karlstad',59.384,13.4455,80,'-3471292800000','1222819199000',0);
INSERT INTO "Stations" VALUES (93340,'Sutterhöjden',59.5833,13.9333,153,'-644371200000','-5270401000',0);
INSERT INTO "Stations" VALUES (93360,'Molkom',59.6166,13.75,93,'-5270400000','286675199000',0);
INSERT INTO "Stations" VALUES (93520,'Sunne A',59.8639,13.1166,108.947,'-283996800000','1608904800000',1);
INSERT INTO "Stations" VALUES (93580,'Forshult',59.9445,13.5335,110,'-788918400000','126230399000',0);
INSERT INTO "Stations" VALUES (94050,'Åtorp',59.0963,14.3652,98.8,'-283996800000','1606780799000',1);
INSERT INTO "Stations" VALUES (94140,'Degerfors',59.2333,14.45,85,'-788918400000','220924799000',0);
INSERT INTO "Stations" VALUES (94170,'Villingsberg',59.2833,14.7,148,'-631152000000','302313599000',0);
INSERT INTO "Stations" VALUES (94180,'Kristinehamn',59.3102,14.0994,46.71,'-283996800000','1608904800000',1);
INSERT INTO "Stations" VALUES (94190,'Kilsbergen-Suttarboda A',59.2996,14.8956,218.353,'807235200000','1608904800000',1);
INSERT INTO "Stations" VALUES (94320,'Storfors',59.5365,14.28,120,'-283996800000','-89596801000',0);
INSERT INTO "Stations" VALUES (94370,'Asphyttan',59.6112,14.1859,130,'397008000000','823132799000',0);
INSERT INTO "Stations" VALUES (94390,'Daglösen A',59.6612,14.1803,133.077,'807235200000','1608904800000',1);
INSERT INTO "Stations" VALUES (94410,'Gammalkroppa',59.6833,14.3166,200,'-788918400000','202435199000',0);
INSERT INTO "Stations" VALUES (94430,'Filipstad',59.7166,14.1666,141,'-283996800000','205027199000',0);
INSERT INTO "Stations" VALUES (94450,'Persberg',59.7497,14.2354,225,'205027200000','473385599000',0);
INSERT INTO "Stations" VALUES (94560,'Älvhöjden',59.9978,14.7889,340,'-473385600000','-283996801000',0);
INSERT INTO "Stations" VALUES (94580,'Ställdalen',59.9382,14.8884,247.176,'-92016000000','1608904800000',1);
INSERT INTO "Stations" VALUES (94600,'Gyttorp',59.4996,14.9637,115,'-283996800000','-157766401000',0);
INSERT INTO "Stations" VALUES (94660,'Stångfallet',59.95,14.8833,230,'-283996800000','-92016001000',0);
INSERT INTO "Stations" VALUES (95020,'Högsjö',59.0297,15.6858,69,'-788918400000','757382399000',0);
INSERT INTO "Stations" VALUES (95030,'Vingåker',59.0782,15.8163,60,'-107913600000','807235199000',0);
INSERT INTO "Stations" VALUES (95130,'Örebro Flygplats',59.2289,15.0455,53,'596937600000','1608904800000',1);
INSERT INTO "Stations" VALUES (95160,'Örebro',59.2782,15.1574,35,'-3505507200000','1120175999000',0);
INSERT INTO "Stations" VALUES (95170,'Örebro Aut',59.2671,15.2686,23,'657417600000','840153599000',0);
INSERT INTO "Stations" VALUES (95230,'Arboga',59.3833,15.8333,50,'-565401600000','52531199000',0);
INSERT INTO "Stations" VALUES (95300,'Nora',59.5164,15.047,91,'-3029443200000','-1664755201000',0);
INSERT INTO "Stations" VALUES (95320,'Fellingsbro-Finnåker',59.5345,15.5857,51,'399686400000','823132799000',0);
INSERT INTO "Stations" VALUES (95350,'Lindesberg',59.5737,15.2365,70,'-283996800000','512697599000',0);
INSERT INTO "Stations" VALUES (95380,'Grönbo',59.6396,15.418,85,'870393600000','1046476799000',0);
INSERT INTO "Stations" VALUES (95490,'Riddarhyttan',59.8085,15.5555,155,'-57974400000','457487999000',0);
INSERT INTO "Stations" VALUES (95500,'Skinnskatteberg',59.8333,15.6833,113,'-283996800000','141868799000',0);
INSERT INTO "Stations" VALUES (95530,'Kloten',59.8707,15.2544,285,'265507200000','1283299199000',0);
INSERT INTO "Stations" VALUES (95540,'Kloten A',59.8703,15.2522,283.21,'1249084800000','1608904800000',1);
INSERT INTO "Stations" VALUES (95640,'Uttersberg',59.75,15.6666,95,'-283996800000','-63158401000',0);
INSERT INTO "Stations" VALUES (95660,'Kvarntorp',59.1164,15.2636,60,'-283996800000','-252460801000',0);
INSERT INTO "Stations" VALUES (96000,'Valla',59.0185,16.3709,50,'315532800000','1406851199000',0);
INSERT INTO "Stations" VALUES (96030,'Strängstorp',59.05,16.2166,62,'-205286400000','315532799000',0);
INSERT INTO "Stations" VALUES (96040,'Floda A',59.0558,16.3944,31.337,'-242092800000','1608904800000',1);
INSERT INTO "Stations" VALUES (96120,'Dunker',59.1469,16.8536,35,'152496000000','794015999000',0);
INSERT INTO "Stations" VALUES (96140,'Eklången',59.2358,16.7429,35,'752112000000','1404172799000',0);
INSERT INTO "Stations" VALUES (96190,'Eskilstuna A',59.3821,16.4526,12.577,'657417600000','1608904800000',1);
INSERT INTO "Stations" VALUES (96210,'Stenkvista',59.3221,16.5577,35,'-283996800000','-89596801000',0);
INSERT INTO "Stations" VALUES (96230,'Eskilstuna',59.3853,16.4594,8.928,'-283996800000','441763199000',0);
INSERT INTO "Stations" VALUES (96310,'Köping',59.5171,15.9909,10,'-47433600000','591667199000',0);
INSERT INTO "Stations" VALUES (96350,'Västerås',59.5972,16.6001,15.836,'-3505507200000','1608904800000',1);
INSERT INTO "Stations" VALUES (96370,'Västerås-Hässlö',59.5888,16.6299,6,'-820540800000','883612799000',0);
INSERT INTO "Stations" VALUES (96480,'Tomta',59.8,16.55,55,'-283996800000','23587199000',0);
INSERT INTO "Stations" VALUES (96550,'Sala',59.9036,16.6579,57.575,'23587200000','1606780799000',1);
INSERT INTO "Stations" VALUES (96560,'Sala A',59.9093,16.6843,56.575,'807235200000','1608904800000',1);
INSERT INTO "Stations" VALUES (96610,'Bie',59.083,16.2135,21,'-788918400000','-407548801000',0);
INSERT INTO "Stations" VALUES (96640,'Broddbo',59.9829,16.4634,31,'-788918400000','-662688001000',0);
INSERT INTO "Stations" VALUES (97070,'Wiad',59.1116,17.7219,12,'-289267200000','13046399000',0);
INSERT INTO "Stations" VALUES (97100,'Tullinge A',59.1785,17.9093,44.858,'-662688000000','1608904800000',1);
INSERT INTO "Stations" VALUES (97120,'Södertälje',59.2141,17.6291,43.221,'-283996800000','1608904800000',1);
INSERT INTO "Stations" VALUES (97150,'Åkers Styckebruk',59.2511,17.0879,20,'-283996800000','370742399000',0);
INSERT INTO "Stations" VALUES (97160,'Norsborg 2',59.2524,17.7989,15,'-283996800000','10367999000',0);
INSERT INTO "Stations" VALUES (97170,'Mariefred',59.2661,17.2342,10,'370742400000','412905599000',0);
INSERT INTO "Stations" VALUES (97180,'Nyckelby',59.3,17.7166,25,'-283996800000','78796799000',0);
INSERT INTO "Stations" VALUES (97190,'Beckomberga',59.3658,17.8974,15,'-410227200000','536457599000',0);
INSERT INTO "Stations" VALUES (97200,'Stockholm-Bromma',59.3537,17.9513,14,'-662688000000','1608904800000',1);
INSERT INTO "Stations" VALUES (97210,'Ulvhäll',59.3619,17.044,5,'-283996800000','323395199000',0);
INSERT INTO "Stations" VALUES (97220,'Svartsjö',59.3595,17.7392,10,'-236822400000','-228873601000',0);
INSERT INTO "Stations" VALUES (97240,'Lyckås',59.4,17.6666,15,'-283996800000','134006399000',0);
INSERT INTO "Stations" VALUES (97260,'Barkarby',59.4166,17.8833,17,'-662688000000','118281599000',0);
INSERT INTO "Stations" VALUES (97270,'Strängnäs',59.402,17.0605,25,'325987200000','631151999000',0);
INSERT INTO "Stations" VALUES (97280,'Adelsö A',59.3579,17.5213,5.612,'818985600000','1608904800000',1);
INSERT INTO "Stations" VALUES (97370,'Enköping Mo',59.65,17.12,24.6,'1188604800000','1608904800000',1);
INSERT INTO "Stations" VALUES (97390,'Arlanda',59.66,17.9208,26,'-283996800000','1377993599000',0);
INSERT INTO "Stations" VALUES (97400,'Stockholm-Arlanda',59.6269,17.9545,42,'1201824000000','1608904800000',1);
INSERT INTO "Stations" VALUES (97490,'Ultuna',59.8139,17.6469,15,'-283996800000','1062374399000',0);
INSERT INTO "Stations" VALUES (97510,'Uppsala Aut',59.8471,17.632,23.453,'486432000000','1608904800000',1);
INSERT INTO "Stations" VALUES (97520,'Uppsala',59.8585,17.6252,13,'-3376598400000','486431999000',0);
INSERT INTO "Stations" VALUES (97530,'Uppsala Flygplats',59.9,17.593,20.6,'-804816000000','1608904800000',1);
INSERT INTO "Stations" VALUES (97560,'Solsidan',59.4,17.5639,15,'-236822400000','-220924801000',0);
INSERT INTO "Stations" VALUES (97610,'Hässelby',59.3727,17.8197,25,'-231465600000','-207878401000',0);
INSERT INTO "Stations" VALUES (97620,'Vängsö',59.1166,17.2,15,'-662688000000','-283996801000',0);
INSERT INTO "Stations" VALUES (97630,'Aske',59.6166,17.65,15,'-704851200000','-197337601000',0);
INSERT INTO "Stations" VALUES (97700,'Ålandsdal',59.8663,17.2799,40,'-283996800000','-215827201000',0);
INSERT INTO "Stations" VALUES (97750,'Skeppsta',59.1417,17.15,20,'-228873600000','-226195201000',0);
INSERT INTO "Stations" VALUES (98040,'Berga Mo',59.068,18.115,4.3,'-541728000000','1608904800000',1);
INSERT INTO "Stations" VALUES (98140,'Stormyra',59.2024,18.3272,15.646,'278726400000','644198399000',1);
INSERT INTO "Stations" VALUES (98160,'Skarpö A',59.3446,18.7404,19.287,'210384000000','1608904800000',1);
INSERT INTO "Stations" VALUES (98170,'Sandhamn D',59.29,18.9146,2.049,'-128908800000','1577836799000',1);
INSERT INTO "Stations" VALUES (98180,'Gustavsberg',59.3226,18.3725,10,'31536000000','1422748799000',0);
INSERT INTO "Stations" VALUES (98200,'Värtan',59.35,18.1,20,'-38016000000','94694399000',0);
INSERT INTO "Stations" VALUES (98210,'Stockholm',59.3417,18.0549,43.133,'-3502828800000','1608904800000',1);
INSERT INTO "Stations" VALUES (98230,'Stockholm A',59.3417,18.0549,43.133,'844128000000','1608904800000',1);
INSERT INTO "Stations" VALUES (98260,'Röskär',59.4166,18.1666,15,'-283996800000','310262399000',0);
INSERT INTO "Stations" VALUES (98290,'Husarö',59.5052,18.8417,10,'-18489600000','1420070399000',0);
INSERT INTO "Stations" VALUES (98400,'Kårsta',59.6575,18.2718,20,'-544406400000','699407999000',0);
INSERT INTO "Stations" VALUES (98460,'Norrtälje 2',59.7506,18.7091,25,'-283996800000','449625599000',0);
INSERT INTO "Stations" VALUES (98490,'Svanberga A',59.8317,18.6313,14.821,'807235200000','1608904800000',1);
INSERT INTO "Stations" VALUES (98510,'Norrtälje-Väsby',59.8524,18.7296,10,'599616000000','783647999000',0);
INSERT INTO "Stations" VALUES (98590,'Väddö',59.9833,18.8166,10,'-283996800000','70934399000',0);
INSERT INTO "Stations" VALUES (98610,'Berga',59.0833,18.1166,15,'-788918400000','-28857601000',0);
INSERT INTO "Stations" VALUES (98620,'Farsta',59.3165,18.3664,6,'-283996800000','23587199000',0);
INSERT INTO "Stations" VALUES (98630,'Ekskogen',59.633,18.2298,4,'-788918400000','-541728001000',0);
INSERT INTO "Stations" VALUES (98640,'Experimentalfältet',59.3664,18.0633,14,'-283996800000','-220924801000',0);
INSERT INTO "Stations" VALUES (99090,'Almagrundet A',59.1547,19.1298,3,'-257731200000','1267401599000',0);
INSERT INTO "Stations" VALUES (99150,'Grönskär',59.2792,19.0306,9,'-883612800000','-788918401000',0);
INSERT INTO "Stations" VALUES (99270,'Svenska Högarna',59.4439,19.5028,10.145,'-2845411200000','1608904800000',1);
INSERT INTO "Stations" VALUES (99280,'Svenska Högarna A',59.4423,19.5022,11.811,'1275350400000','1608904800000',1);
INSERT INTO "Stations" VALUES (99330,'Svenska Björn Aut',59.55,20.02,1,'481161600000','760957200000',0);
INSERT INTO "Stations" VALUES (99450,'Söderarm A',59.7531,19.4054,14.006,'-915148800000','1608904800000',1);
INSERT INTO "Stations" VALUES (102170,'Östmark-Åsarna',60.2788,12.8538,135,'1383264000000','1608904800000',1);
INSERT INTO "Stations" VALUES (102190,'Östmark-Lämbacken',60.306,12.6977,160,'-452390400000','1383263999000',0);
INSERT INTO "Stations" VALUES (102200,'Östmark-Rännberg',60.3328,12.6775,198,'331257600000','586396799000',0);
INSERT INTO "Stations" VALUES (102210,'Östmark-Röjdåsen',60.3548,12.6491,308,'586396800000','959817599000',0);
INSERT INTO "Stations" VALUES (102390,'Brattmon V',60.7569,12.7723,199,'825638400000','1608904800000',0);
INSERT INTO "Stations" VALUES (102540,'Höljes',60.9066,12.5843,230,'-297216000000','1606780799000',1);
INSERT INTO "Stations" VALUES (103050,'Edebäck',60.0666,13.55,155,'-788918400000','236563199000',0);
INSERT INTO "Stations" VALUES (103080,'Torsby',60.1075,12.9908,127,'-283996800000','1388534399000',0);
INSERT INTO "Stations" VALUES (103090,'Gustavsfors',60.1514,13.7975,190,'-662688000000','1606780799000',1);
INSERT INTO "Stations" VALUES (103100,'Gustavsfors A',60.1533,13.799,187.153,'807235200000','1608904800000',1);
INSERT INTO "Stations" VALUES (103290,'Granåbron',60.4403,13.8944,310,'-652320000000','-557625601000',0);
INSERT INTO "Stations" VALUES (103410,'Malung',60.6717,13.7058,310,'-1696291200000','1480550399000',0);
INSERT INTO "Stations" VALUES (103420,'Malung A',60.6765,13.7072,302.583,'1254355200000','1608904800000',1);
INSERT INTO "Stations" VALUES (103570,'Knås',60.9676,13.8985,280,'560044800000','604713599000',0);
INSERT INTO "Stations" VALUES (103600,'Likenäs',60.6496,13.014,160,'-788918400000','-231465601000',0);
INSERT INTO "Stations" VALUES (104090,'Fredriksberg',60.1417,14.3909,304.749,'189302400000','1608904800000',1);
INSERT INTO "Stations" VALUES (104120,'Lejen',60.2,14.4,340,'-636422400000','218246399000',0);
INSERT INTO "Stations" VALUES (104300,'Mockfjärd',60.5074,14.9585,192,'102470400000','817775999000',0);
INSERT INTO "Stations" VALUES (104390,'Flaten',60.651,14.4277,296,'757382400000','905903999000',0);
INSERT INTO "Stations" VALUES (104530,'Siljansfors',60.8846,14.3786,260,'-1520035200000','678326399000',0);
INSERT INTO "Stations" VALUES (104580,'Mora A',60.9601,14.5041,195.417,'-662688000000','1608904800000',1);
INSERT INTO "Stations" VALUES (104600,'Kölaråsen',60.2663,14.3637,340,'-788918400000','-636422401000',0);
INSERT INTO "Stations" VALUES (105030,'Grängesberg (fördelningsstation)',60.0825,15.02,300,'-788918400000','-494553660000',0);
INSERT INTO "Stations" VALUES (105070,'Skeppsmora V',60.123,15.1226,246,'825638400000','1451628000000',0);
INSERT INTO "Stations" VALUES (105200,'Rämshyttan',60.3333,15.2,260,'-283996800000','199756799000',0);
INSERT INTO "Stations" VALUES (105210,'Säter',60.35,15.75,160,'-213148800000','-176256001000',0);
INSERT INTO "Stations" VALUES (105220,'Stora Spånsberget A',60.3817,15.1374,492.257,'-163036800000','1608904800000',1);
INSERT INTO "Stations" VALUES (105230,'Idkerberget',60.3758,15.231,260,'-788918400000','1270079999000',0);
INSERT INTO "Stations" VALUES (105260,'Borlänge Flygplats',60.4294,15.5079,152,'-662688000000','1608904800000',1);
INSERT INTO "Stations" VALUES (105280,'Borlänge Aut',60.4889,15.4324,140,'552096000000','922924799000',0);
INSERT INTO "Stations" VALUES (105310,'Borlänge',60.502,15.4606,120,'134006400000','262828799000',0);
INSERT INTO "Stations" VALUES (105360,'Gråda Kraftverk',60.6046,15.0146,155,'-386640000000','391737599000',0);
INSERT INTO "Stations" VALUES (105370,'Falun-Lugnet',60.6185,15.6574,161.395,'-3471292800000','1608904800000',1);
INSERT INTO "Stations" VALUES (105410,'Sågmyra',60.7004,15.3263,257,'486432000000','570671999000',0);
INSERT INTO "Stations" VALUES (105450,'Leksand',60.7248,15.0143,172.638,'-202608000000','1608904800000',1);
INSERT INTO "Stations" VALUES (105550,'Backa',60.923,15.1145,230,'139276800000','812505599000',0);
INSERT INTO "Stations" VALUES (105630,'Vassbo',60.5333,15.5333,120,'-283996800000','-184204801000',0);
INSERT INTO "Stations" VALUES (105640,'Domnarvet',60.5,15.45,128,'-273628800000','-63158401000',0);
INSERT INTO "Stations" VALUES (106040,'Brovallen',60.0989,16.3026,100.154,'662688000000','1608904800000',1);
INSERT INTO "Stations" VALUES (106060,'Sonnbo',60.1197,16.2838,89,'528508800000','662687999000',0);
INSERT INTO "Stations" VALUES (106070,'Avesta',60.1413,16.1715,99.043,'220924800000','1608904800000',1);
INSERT INTO "Stations" VALUES (106080,'Bjurfors',60.1316,16.1282,125,'-649641600000','20995199000',0);
INSERT INTO "Stations" VALUES (106100,'Folkärna',60.169,16.3125,68,'-599616000000','823132799000',0);
INSERT INTO "Stations" VALUES (106160,'Kerstinbo A',60.2683,16.9738,55.695,'807235200000','1608904800000',1);
INSERT INTO "Stations" VALUES (106170,'Gysinge',60.2836,16.8857,63,'-2997907200000','-1953936001000',0);
INSERT INTO "Stations" VALUES (106270,'Stjärnsund',60.4551,16.2662,130,'-283996800000','470707199000',0);
INSERT INTO "Stations" VALUES (106340,'Kratte masugn',60.4528,16.3861,160,'-626054400000','-494553601000',0);
INSERT INTO "Stations" VALUES (106360,'Sandviken',60.6103,16.7896,65,'220924800000','544233599000',0);
INSERT INTO "Stations" VALUES (106500,'Vintjärn',60.8321,16.0581,348,'391737600000','823132799000',0);
INSERT INTO "Stations" VALUES (106570,'Åmot A',60.9614,16.4279,161.678,'807235200000','1608904800000',1);
INSERT INTO "Stations" VALUES (106580,'Åmotsbruk',60.9645,16.4631,145,'-283996800000','823132799000',0);
INSERT INTO "Stations" VALUES (106630,'Gästrike-Hammarby 4',60.55,16.5833,70,'-652320000000','-63158401000',0);
INSERT INTO "Stations" VALUES (106670,'Gästrike-Hammarby 1',60.5501,16.5833,70,'-652320000000','-504921601000',0);
INSERT INTO "Stations" VALUES (106680,'Gästrike-Hammarby 2',60.5502,16.5833,70,'-652320000000','-504921601000',0);
INSERT INTO "Stations" VALUES (106690,'Gästrike-Hammarby 3',60.5503,16.5833,70,'-652320000000','-504921601000',0);
INSERT INTO "Stations" VALUES (107020,'Viksta',60.0694,17.6181,103,'-552355200000','-528681601000',0);
INSERT INTO "Stations" VALUES (107040,'Björklinge',60.0514,17.5667,31,'-528681600000','-473385601000',0);
INSERT INTO "Stations" VALUES (107050,'Sandbro',60.0042,17.5833,35,'-236822400000','-226195201000',0);
INSERT INTO "Stations" VALUES (107120,'Dannemora',60.2026,17.9049,41,'-215827200000','360201599000',0);
INSERT INTO "Stations" VALUES (107130,'Films Kyrkby',60.2357,17.9072,39,'381369600000','957916799000',0);
INSERT INTO "Stations" VALUES (107140,'Film A',60.2358,17.9043,33.381,'959731200000','1608904800000',1);
INSERT INTO "Stations" VALUES (107180,'Väsby',60.3,17.4333,35,'-252460800000','160444799000',0);
INSERT INTO "Stations" VALUES (107220,'Orrskog',60.3833,17.4167,35,'-402451200000','-242092801000',0);
INSERT INTO "Stations" VALUES (107270,'Untra',60.4393,17.3409,35,'-144720000000','489023999000',0);
INSERT INTO "Stations" VALUES (107330,'Fagerviken',60.542,17.7478,5,'-99964800000','283996799000',0);
INSERT INTO "Stations" VALUES (107400,'Gävle',60.6537,17.1693,16,'-3029443200000','807235199000',0);
INSERT INTO "Stations" VALUES (107420,'Gävle A',60.7161,17.1607,16.125,'807235200000','1608904800000',1);
INSERT INTO "Stations" VALUES (107440,'Eggegrund A',60.7298,17.5584,3.731,'-915148800000','1608904800000',1);
INSERT INTO "Stations" VALUES (107450,'Utvalnäs Aut',60.7547,17.3574,5,'249782400000','815270399000',0);
INSERT INTO "Stations" VALUES (107530,'Västra Banken Aut',60.88,17.93,25,'-14428800000','707356799000',0);
INSERT INTO "Stations" VALUES (108100,'Singö',60.1595,18.7436,12,'-73699200000','823132799000',0);
INSERT INTO "Stations" VALUES (108110,'Risinge',60.1748,18.224,17.21,'-249782400000','1580515199000',0);
INSERT INTO "Stations" VALUES (108170,'Understen',60.2761,18.9227,12,'-662688000000','715305599000',0);
INSERT INTO "Stations" VALUES (108300,'Grundkallen',60.5,18.8666,23,'-157766400000','312854399000',0);
INSERT INTO "Stations" VALUES (108320,'Örskär A',60.5256,18.3729,6.539,'-1033603200000','1608904800000',1);
INSERT INTO "Stations" VALUES (108600,'Harg',60.1829,18.3964,15,'-788918400000','-544406401000',0);
INSERT INTO "Stations" VALUES (108640,'Öregrund',60.3333,18.4333,7,'-647049600000','-73699201000',0);
INSERT INTO "Stations" VALUES (112080,'Rörbäcksnäs',61.1269,12.8226,465,'-60480000000','823132799000',0);
INSERT INTO "Stations" VALUES (112170,'Grundforsen',61.2797,12.8568,412,'-788918400000','1369850400000',0);
INSERT INTO "Stations" VALUES (112510,'Flötningen',61.8526,12.2689,670,'-2678400000','510019199000',0);
INSERT INTO "Stations" VALUES (112530,'Storbo V',61.8403,12.288,661,'828316800000','1451628000000',0);
INSERT INTO "Stations" VALUES (112540,'Idre Fjäll A',61.8886,12.8521,869.407,'483753600000','1608904800000',1);
INSERT INTO "Stations" VALUES (113070,'Sälen-Högfjället V',61.1583,13.1138,751,'825638400000','1451628000000',0);
INSERT INTO "Stations" VALUES (113100,'Sälen',61.1691,13.2593,360,'-176256000000','1238543999000',0);
INSERT INTO "Stations" VALUES (113110,'Tandådalen Aut',61.1766,13.0164,830,'483753600000','888019199000',0);
INSERT INTO "Stations" VALUES (113230,'Trängslet',61.3795,13.7235,419,'-283996800000','347155199000',1);
INSERT INTO "Stations" VALUES (113410,'Särna',61.7068,13.1335,437,'-2679609600000','951868799000',0);
INSERT INTO "Stations" VALUES (113420,'Särna A',61.6909,13.1828,426.61,'973036800000','1608904800000',1);
INSERT INTO "Stations" VALUES (113610,'Storfjället-Sälen',61.1666,13.1166,770,'-157766400000','-81648001000',0);
INSERT INTO "Stations" VALUES (114140,'Älvdalen A',61.2536,14.0355,251.633,'807235200000','1608904800000',1);
INSERT INTO "Stations" VALUES (114160,'Älvdalen 2',61.2549,14.0348,250,'-52704000000','836179199000',0);
INSERT INTO "Stations" VALUES (114270,'Kvarnberg',61.4446,14.8744,434,'-788918400000','97372799000',0);
INSERT INTO "Stations" VALUES (114330,'Kräckelbäcken',61.55,14.2,670,'-39484800000','249782399000',0);
INSERT INTO "Stations" VALUES (114360,'Ulvsjö',61.6022,14.1847,585,'249782400000','1517529599000',0);
INSERT INTO "Stations" VALUES (114410,'Hamra A',61.6599,14.9918,453.588,'99792000000','1608904800000',1);
INSERT INTO "Stations" VALUES (114510,'Lillhärdal',61.8547,14.0921,440,'-31536000000','1478303999000',0);
INSERT INTO "Stations" VALUES (114630,'Noppikoski',61.5,14.85,340,'-283996800000','-71107201000',0);
INSERT INTO "Stations" VALUES (115040,'Dalstuga',61.0666,15.7,240,'20995200000','244511999000',0);
INSERT INTO "Stations" VALUES (115050,'Svabensverk',61.0442,15.7921,240,'243734400000','273455999000',0);
INSERT INTO "Stations" VALUES (115220,'Edsbyn A',61.3607,15.7144,183.648,'811468800000','1608904800000',1);
INSERT INTO "Stations" VALUES (115230,'Edsbyn',61.3784,15.8352,161,'-662688000000','820454399000',0);
INSERT INTO "Stations" VALUES (115460,'Johannesberg',61.8578,15.2128,510,'-788918400000','-410227201000',0);
INSERT INTO "Stations" VALUES (115630,'Dalfors',61.2139,15.4083,236,'-788918400000','-699580801000',0);
INSERT INTO "Stations" VALUES (116230,'Röstebo',61.3882,16.4295,115,'804556800000','1349049599000',0);
INSERT INTO "Stations" VALUES (116240,'Dönje',61.395,16.4145,85,'-28857600000','804556799000',0);
INSERT INTO "Stations" VALUES (116430,'Järvsö',61.7112,16.1654,148.945,'-596937600000','1608904800000',1);
INSERT INTO "Stations" VALUES (116480,'Delsbo',61.7854,16.5505,88,'-2903212800000','817775999000',0);
INSERT INTO "Stations" VALUES (116490,'Delsbo A',61.8264,16.5385,70.667,'817776000000','1608904800000',1);
INSERT INTO "Stations" VALUES (116500,'Ljusdal',61.8333,16.1333,140,'-283996800000','189302399000',0);
INSERT INTO "Stations" VALUES (116650,'Bjuråker',61.85,16.5833,66,'-2848089600000','-94694401000',0);
INSERT INTO "Stations" VALUES (117160,'Söderhamn A',61.2691,17.0983,26,'-662688000000','1325635199000',0);
INSERT INTO "Stations" VALUES (117170,'Söderhamn',61.3198,17.0967,10,'925516800000','1080777599000',0);
INSERT INTO "Stations" VALUES (117330,'Agö',61.55,17.4666,20,'-662688000000','120959999000',0);
INSERT INTO "Stations" VALUES (117370,'Hölick',61.6239,17.4401,5,'549504000000','815183999000',0);
INSERT INTO "Stations" VALUES (117430,'Kuggören A',61.7027,17.5216,8.568,'15638400000','1608904800000',1);
INSERT INTO "Stations" VALUES (117440,'Hudiksvall',61.7152,17.0829,12,'-562896000000','1608904800000',1);
INSERT INTO "Stations" VALUES (117610,'Storjungfrun',61.1666,17.3333,10,'-283996800000','-170985601000',0);
INSERT INTO "Stations" VALUES (118610,'Finngrundets Fyrskepp',61.0666,18.6833,5,'-283996800000','-15897601000',0);
INSERT INTO "Stations" VALUES (122260,'Tännäs A',62.4494,12.6676,723.013,'816912000000','1608904800000',1);
INSERT INTO "Stations" VALUES (122330,'Ljusnedal',62.5493,12.6043,585,'-1262304000000','1608904800000',1);
INSERT INTO "Stations" VALUES (122360,'Fjällnäs',62.5772,12.2223,780,'-283996800000','823132799000',0);
INSERT INTO "Stations" VALUES (122430,'Flatruet V',62.7291,12.7264,932,'825638400000','1608904800000',0);
INSERT INTO "Stations" VALUES (122610,'Grövelsjön',62.0991,12.3153,815,'-283996800000','-21168001000',0);
INSERT INTO "Stations" VALUES (123060,'Dravagen A',62.0936,13.6086,566.642,'814665600000','1608904800000',1);
INSERT INTO "Stations" VALUES (123070,'Lofsdalen',62.1132,13.2841,610,'-283996800000','812505599000',0);
INSERT INTO "Stations" VALUES (123250,'Hede',62.4107,13.5184,430,'-788918400000','1185926399000',0);
INSERT INTO "Stations" VALUES (123340,'Hedeviken',62.4112,13.6748,410,'1222819200000','1608904800000',1);
INSERT INTO "Stations" VALUES (123460,'Börtnan A',62.7548,13.8427,467.246,'818985600000','1608904800000',1);
INSERT INTO "Stations" VALUES (123480,'Storsjö Kapell',62.8016,13.0731,580,'-473385600000','823132799000',0);
INSERT INTO "Stations" VALUES (124020,'Sveg',62.0191,14.1904,432,'-2982268800000','1351727999000',0);
INSERT INTO "Stations" VALUES (124030,'Sveg A',62.0462,14.4069,357.187,'1254355200000','1608904800000',1);
INSERT INTO "Stations" VALUES (124110,'Ytterhogdal',62.1817,14.9478,263.585,'-283996800000','1608904800000',1);
INSERT INTO "Stations" VALUES (124300,'Klövsjöhöjden A',62.4952,14.1542,802.503,'815184000000','1608904800000',1);
INSERT INTO "Stations" VALUES (124320,'Klövsjö',62.5335,14.2028,549,'244512000000','820454399000',0);
INSERT INTO "Stations" VALUES (124390,'Skålan',62.65,14.1666,452,'-223603200000','220924799000',0);
INSERT INTO "Stations" VALUES (125020,'Finneby',62.0424,15.4655,259,'218246400000','823132799000',0);
INSERT INTO "Stations" VALUES (125170,'Norrberg-Norrhög V',62.2632,15.6709,327,'825638400000','1451628000000',0);
INSERT INTO "Stations" VALUES (125440,'Hunge A',62.7504,15.0845,343.238,'812937600000','1608904800000',1);
INSERT INTO "Stations" VALUES (125450,'Hunge',62.754,15.0921,342,'-283996800000','1086047999000',0);
INSERT INTO "Stations" VALUES (125470,'Bensjö',62.7139,15.4667,310,'-610156800000','-546998401000',0);
INSERT INTO "Stations" VALUES (125490,'Gustavsnäs D',62.8108,15.9333,300,'1377993600000','1380585599000',0);
INSERT INTO "Stations" VALUES (126290,'Torpshammar A',62.4943,16.2774,99,'820454400000','1608904800000',1);
INSERT INTO "Stations" VALUES (126300,'Fränsta 2',62.5165,16.2084,110,'-231465600000','820454399000',0);
INSERT INTO "Stations" VALUES (126310,'Ljungaverk',62.4861,16.0694,85,'-473385600000','-283996801000',0);
INSERT INTO "Stations" VALUES (126440,'Sillre V',62.7629,16.7387,210,'825638400000','1451628000000',0);
INSERT INTO "Stations" VALUES (126460,'Ljungå',62.7594,16.3141,220,'-1262304000000','539135999000',0);
INSERT INTO "Stations" VALUES (126480,'Järkvissle',62.8166,16.6833,90,'57801600000','76204799000',0);
INSERT INTO "Stations" VALUES (126630,'Fränsta',62.5,16.1833,110,'-788918400000','-189388801000',0);
INSERT INTO "Stations" VALUES (127130,'Brämön A',62.2198,17.739,18.13,'-283996800000','1608904800000',1);
INSERT INTO "Stations" VALUES (127140,'Lörudden',62.2314,17.6623,2,'-65836800000','507599999000',0);
INSERT INTO "Stations" VALUES (127220,'Sidsjö D',62.3809,17.2854,60,'-283996800000','1185926399000',0);
INSERT INTO "Stations" VALUES (127230,'Sundsvall-Råsta V',62.4306,17.3447,83,'825638400000','1451628000000',0);
INSERT INTO "Stations" VALUES (127240,'Sundsvall',62.4066,17.2664,35,'-283996800000','362793599000',0);
INSERT INTO "Stations" VALUES (127310,'Sundsvalls Flygplats',62.5246,17.441,4,'-444528000000','1608904800000',1);
INSERT INTO "Stations" VALUES (127380,'Härnösand',62.6364,17.9214,17.655,'-3218832000000','1608904800000',1);
INSERT INTO "Stations" VALUES (127600,'Gran',62.0166,17.6333,20,'-662688000000','-68428801000',0);
INSERT INTO "Stations" VALUES (127630,'Söråker',62.5166,17.5166,45,'-283996800000','-149990401000',0);
INSERT INTO "Stations" VALUES (128370,'Härnö',62.6183,18.0618,10,'23587200000','631151999000',0);
INSERT INTO "Stations" VALUES (128390,'Lungö A',62.6417,18.0899,14.325,'634780800000','1608904800000',1);
INSERT INTO "Stations" VALUES (128510,'Nordvik',62.8485,18.0159,20,'-283996800000','552095999000',0);
INSERT INTO "Stations" VALUES (128560,'Högbonden',62.8662,18.478,75,'-283996800000','-189388801000',0);
INSERT INTO "Stations" VALUES (128590,'Ullånger',62.9948,18.1794,45,'-283996800000','886291199000',0);
INSERT INTO "Stations" VALUES (132030,'Sylarna A',63.0438,12.2748,1030.11,'525916800000','1608904800000',1);
INSERT INTO "Stations" VALUES (132110,'Blåhammaren A',63.1854,12.1734,1086.952,'1285891200000','1608904800000',1);
INSERT INTO "Stations" VALUES (132170,'Storlien-Storvallen A',63.2826,12.1218,583.124,'1257033600000','1608904800000',1);
INSERT INTO "Stations" VALUES (132180,'Storlien-Visjövalen',63.3028,12.1253,642,'-228873600000','1317427199000',0);
INSERT INTO "Stations" VALUES (132240,'Duved',63.4,12.9333,385,'-1262304000000','315532799000',0);
INSERT INTO "Stations" VALUES (132590,'Edevik',63.9812,12.8709,425,'331257600000','1606780799000',1);
INSERT INTO "Stations" VALUES (132620,'Storlien',63.3158,12.1009,595,'-2903212800000','-173664001000',0);
INSERT INTO "Stations" VALUES (133030,'Bydalen V',63.044,13.8907,1000,'825638400000','896659199000',0);
INSERT INTO "Stations" VALUES (133050,'Höglekardalen',63.0785,13.7488,594.865,'-249782400000','1606780799000',1);
INSERT INTO "Stations" VALUES (133160,'Trillevallen V',63.2631,13.2166,611,'907200000000','987530400000',0);
INSERT INTO "Stations" VALUES (133180,'Mattmar V',63.3054,13.8767,360,'825638400000','1451628000000',0);
INSERT INTO "Stations" VALUES (133190,'Mörsil',63.3183,13.6458,420.343,'47174400000','1606780799000',1);
INSERT INTO "Stations" VALUES (133200,'Undersåker',63.3269,13.3826,330,'-84326400000','423273599000',0);
INSERT INTO "Stations" VALUES (133230,'Åre',63.4,13.1,440,'-283996800000','34214399000',0);
INSERT INTO "Stations" VALUES (133240,'Järpströmmen',63.3903,13.3845,386.652,'-268358400000','152495999000',0);
INSERT INTO "Stations" VALUES (133250,'Åre-Björnänge V',63.3738,13.1607,403,'987465600000','1608904800000',0);
INSERT INTO "Stations" VALUES (133260,'Åreskutan Aut',63.4304,13.0746,1280,'378691200000','885427199000',0);
INSERT INTO "Stations" VALUES (133470,'Överäng',63.7788,13.0734,450,'-97372800000','1141171199000',0);
INSERT INTO "Stations" VALUES (133500,'Korsvattnet A',63.8385,13.5009,716.605,'812505600000','1608904800000',1);
INSERT INTO "Stations" VALUES (133570,'Stora Stensjön Aut',63.9687,13.7251,680,'365472000000','823132799000',0);
INSERT INTO "Stations" VALUES (133630,'Mo',63.3166,13.4833,330,'-283996800000','-86918401000',0);
INSERT INTO "Stations" VALUES (134090,'Norderön',63.1611,14.3661,320.608,'-283996800000','1608904800000',1);
INSERT INTO "Stations" VALUES (134100,'Östersund',63.1736,14.6786,345,'-3450211200000','331257599000',0);
INSERT INTO "Stations" VALUES (134110,'Frösön',63.1974,14.4863,376,'-820540800000','1608904800000',1);
INSERT INTO "Stations" VALUES (134130,'Frösön D',63.1947,14.4898,375,'1036108800000','1151711999000',0);
INSERT INTO "Stations" VALUES (134150,'Rösta',63.2443,14.5535,360,'-852076800000','1325375999000',0);
INSERT INTO "Stations" VALUES (134410,'Föllinge A',63.6761,14.6048,361.8,'817776000000','1608904800000',1);
INSERT INTO "Stations" VALUES (134460,'Föllinge-Vägskälet',63.7606,14.4323,475,'318211200000','817775999000',0);
INSERT INTO "Stations" VALUES (134520,'Ålåsen',63.8683,14.6063,450,'-178934400000','315532799000',0);
INSERT INTO "Stations" VALUES (134590,'Almdalen',63.9967,14.6701,615,'-160444800000','1606780799000',1);
INSERT INTO "Stations" VALUES (134610,'Ope',63.1966,14.7774,350,'-473385600000','-347155201000',0);
INSERT INTO "Stations" VALUES (134620,'Ålviken',63.8825,14.4803,325,'-675907200000','-184204801000',0);
INSERT INTO "Stations" VALUES (135380,'Sikåskälen',63.6198,15.0929,490,'-283996800000','457487999000',0);
INSERT INTO "Stations" VALUES (135440,'Hallviken',63.73,15.5,337,'-662688000000','281318399000',0);
INSERT INTO "Stations" VALUES (135460,'Hallhåxåsen A',63.7685,15.3279,375.391,'817776000000','1608904800000',1);
INSERT INTO "Stations" VALUES (135500,'Ulriksfors',63.8345,15.6164,285,'-163036800000','-94694401000',0);
INSERT INTO "Stations" VALUES (135520,'Strömsund',63.8548,15.5894,373,'283996800000','817775999000',0);
INSERT INTO "Stations" VALUES (135640,'Gisselås',63.7,15.3666,320,'-283996800000','-139449601000',0);
INSERT INTO "Stations" VALUES (136020,'Bispgården',63.0509,16.5358,190,'-788918400000','583718399000',0);
INSERT INTO "Stations" VALUES (136090,'Krångede A',63.1512,16.1699,183.123,'-149990400000','1608904800000',1);
INSERT INTO "Stations" VALUES (136320,'Ramsele',63.32,16.28,205,'-283996800000','-220924801000',0);
INSERT INTO "Stations" VALUES (136360,'Storfinnforsen',63.595,16.1846,232,'-283996800000','1533081599000',0);
INSERT INTO "Stations" VALUES (136410,'Junsele A',63.6839,16.95,218.766,'1199145600000','1608904800000',1);
INSERT INTO "Stations" VALUES (136420,'Junsele',63.6845,16.9508,215,'-2096064000000','1214870399000',0);
INSERT INTO "Stations" VALUES (136491,'Fjällsjö',63.7972,16.4056,215,'-891561600000','-831081601000',0);
INSERT INTO "Stations" VALUES (136610,'Bölestrand',63.1333,16.15,220,'-473385600000','-149990401000',0);
INSERT INTO "Stations" VALUES (136640,'Sundmo',63.5,16.7,200,'-283996800000','-7948801000',0);
INSERT INTO "Stations" VALUES (137030,'Viksbäcken',63.05,17.75,6,'-576028800000','199756799000',0);
INSERT INTO "Stations" VALUES (137040,'Kramfors-Gistgårdsön',63.0502,17.7658,5,'210384000000','830908799000',0);
INSERT INTO "Stations" VALUES (137070,'Offer',63.1492,17.7617,27,'-283996800000','31535999000',0);
INSERT INTO "Stations" VALUES (137080,'Forse',63.1461,17.0223,125.604,'-2161814400000','1608904800000',1);
INSERT INTO "Stations" VALUES (137100,'Sollefteå',63.1667,17.2802,20,'-220924800000','520559999000',0);
INSERT INTO "Stations" VALUES (137110,'Lännäs',63.1663,17.6543,30,'-283996800000','1491004799000',0);
INSERT INTO "Stations" VALUES (137560,'Tegelträsk',63.9515,17.904,380,'-283996800000','494380799000',0);
INSERT INTO "Stations" VALUES (138070,'Västmarkum A',63.1243,18.2518,141.392,'818985600000','1608904800000',1);
INSERT INTO "Stations" VALUES (138240,'Örnsköldsviks Flygplats',63.4119,18.9797,108,'-252460800000','1608904800000',1);
INSERT INTO "Stations" VALUES (138270,'Bredbyn',63.4608,18.0592,85,'-283996800000','812505599000',0);
INSERT INTO "Stations" VALUES (138390,'Hemling A',63.6503,18.5466,182.186,'818985600000','1608904800000',1);
INSERT INTO "Stations" VALUES (138400,'Hemling',63.6574,18.5318,190,'15638400000','1312156799000',0);
INSERT INTO "Stations" VALUES (139110,'Skagsudde',63.1885,19.0194,13,'-186710400000','815183999000',0);
INSERT INTO "Stations" VALUES (139120,'Skagsudde A',63.1872,19.0199,9.343,'815184000000','1608904800000',1);
INSERT INTO "Stations" VALUES (139200,'Kasa D',63.3266,19.0532,30,'-788918400000','520559999000',0);
INSERT INTO "Stations" VALUES (139260,'Järnäsklubb A',63.4351,19.6731,5.928,'755740800000','1608904800000',1);
INSERT INTO "Stations" VALUES (139340,'Nordmaling',63.5739,19.4875,4,'-662688000000','544233599000',0);
INSERT INTO "Stations" VALUES (139540,'Vännäs',63.9187,19.6986,87,'-662688000000','210383999000',0);
INSERT INTO "Stations" VALUES (139570,'Balsjö',63.925,19.0611,195,'-788918400000','-678585601000',0);
INSERT INTO "Stations" VALUES (139630,'Skag',63.1992,19.0462,10,'-915148800000','-473385601000',0);
INSERT INTO "Stations" VALUES (140200,'Sydostbrotten Aut',63.3806,20.0993,24,'-181526400000','739756799000',0);
INSERT INTO "Stations" VALUES (140360,'Holmögadd A',63.5949,20.7565,6,'-3800044800000','1200074400000',0);
INSERT INTO "Stations" VALUES (140460,'Holmön A',63.807,20.8645,6.535,'1114905600000','1608904800000',1);
INSERT INTO "Stations" VALUES (140480,'Umeå Flygplats',63.7947,20.2918,14,'-252460800000','1608904800000',1);
INSERT INTO "Stations" VALUES (140490,'Röbäcksdalen',63.8129,20.2397,10,'-283996800000','552095999000',0);
INSERT INTO "Stations" VALUES (140500,'Umeå',63.8302,20.2901,10,'-3508099200000','307583999000',0);
INSERT INTO "Stations" VALUES (142030,'Björkede',64.0432,12.9414,451,'-283996800000','328665599000',0);
INSERT INTO "Stations" VALUES (143440,'Jormlien',64.7291,13.9819,383.088,'-73699200000','1606780799000',1);
INSERT INTO "Stations" VALUES (144160,'Munsvattnet',64.2734,14.451,520,'-283996800000','862444799000',0);
INSERT INTO "Stations" VALUES (144300,'Gäddede',64.5037,14.1596,328,'-2024956800000','1220227199000',0);
INSERT INTO "Stations" VALUES (144310,'Gäddede A',64.5044,14.2207,553.025,'1199145600000','1608904800000',1);
INSERT INTO "Stations" VALUES (144530,'Ankarvattnet',64.8666,14.25,460,'-157766400000','-73699201000',0);
INSERT INTO "Stations" VALUES (145130,'Gubbhögen A',64.2172,15.5529,310.221,'818985600000','1608904800000',1);
INSERT INTO "Stations" VALUES (145260,'Norråker',64.4309,15.6332,344,'176083200000','817775999000',0);
INSERT INTO "Stations" VALUES (145280,'Korsselbränna',64.4571,15.5423,178,'-349833600000','189302399000',0);
INSERT INTO "Stations" VALUES (145340,'Högland',64.5666,15.9166,401,'-662688000000','173404799000',0);
INSERT INTO "Stations" VALUES (145450,'Brännåkersfjället V',64.7507,15.8307,630,'828316800000','859852799000',0);
INSERT INTO "Stations" VALUES (145580,'Saxnäs V',64.9678,15.3791,542,'907200000000','1451628000000',0);
INSERT INTO "Stations" VALUES (146050,'Hoting A',64.0875,16.2356,241.55,'823132800000','1608904800000',1);
INSERT INTO "Stations" VALUES (146070,'Hoting',64.1236,16.2149,240,'-788918400000','875663999000',0);
INSERT INTO "Stations" VALUES (146350,'Vilhelmina A',64.5798,16.8386,348.198,'812505600000','1608904800000',1);
INSERT INTO "Stations" VALUES (146380,'Laxbäcken',64.6389,16.4142,345,'-788918400000','1506815999000',0);
INSERT INTO "Stations" VALUES (147090,'Åsele A',64.165,17.3153,307.712,'818985600000','1608904800000',1);
INSERT INTO "Stations" VALUES (147100,'Åsele',64.1598,17.3494,318.481,'-599616000000','1606780799000',1);
INSERT INTO "Stations" VALUES (147170,'Yxsjö',64.2833,17.5166,350,'-283996800000','78796799000',0);
INSERT INTO "Stations" VALUES (147270,'Idvattnet',64.4542,17.0794,352,'402278400000','823132799000',0);
INSERT INTO "Stations" VALUES (147420,'Risträsk V',64.7343,17.4034,598,'825638400000','1451628000000',0);
INSERT INTO "Stations" VALUES (147460,'Ulvoberg',64.7627,17.2165,520,'-283996800000','1107215999000',0);
INSERT INTO "Stations" VALUES (147560,'Gunnarn A',65.0094,17.6993,275.491,'1225497600000','1608904800000',1);
INSERT INTO "Stations" VALUES (147570,'Gunnarn',65.0074,17.7085,280,'-799459200000','1365832799000',0);
INSERT INTO "Stations" VALUES (148040,'Fredrika A',64.0744,18.3619,327.684,'820454400000','1608904800000',1);
INSERT INTO "Stations" VALUES (148050,'Fredrika',64.0763,18.419,300,'-283996800000','820454399000',0);
INSERT INTO "Stations" VALUES (148300,'Kroksjö',64.5073,17.9934,500,'-13219200000','1372636799000',0);
INSERT INTO "Stations" VALUES (148330,'Lycksele A',64.5481,18.713,210.07,'-283996800000','1608904800000',1);
INSERT INTO "Stations" VALUES (149120,'Vindeln-Sunnansjönäs',64.1386,19.7618,237,'604713600000','1608904800000',1);
INSERT INTO "Stations" VALUES (149160,'Hällnäs-Lund',64.2684,19.6314,181,'-662688000000','604713599000',0);
INSERT INTO "Stations" VALUES (149340,'Petisträsk A',64.5659,19.6943,258.047,'818985600000','1608904800000',1);
INSERT INTO "Stations" VALUES (149540,'Norsjö',64.9093,19.4746,296,'115689600000','1477958399000',0);
INSERT INTO "Stations" VALUES (149560,'Norsjö A',64.9253,19.3744,309.576,'815184000000','1608904800000',1);
INSERT INTO "Stations" VALUES (149570,'Storliden',64.95,19.4833,390,'-754704000000','113011199000',0);
INSERT INTO "Stations" VALUES (149610,'Kulbäcksliden',64.2,19.5666,200,'-376012800000','-63158401000',0);
INSERT INTO "Stations" VALUES (149700,'Hällnäs',64.3088,19.6293,245,'-1009843200000','-788918401000',0);
INSERT INTO "Stations" VALUES (149710,'Hällnäs Skogsskola',64.3333,19.5,175,'-1262304000000','-132883201000',0);
INSERT INTO "Stations" VALUES (150090,'Rickleå fältstation',64.0875,20.9444,10,'-79056000000','-42076801000',0);
INSERT INTO "Stations" VALUES (150210,'Bygdsiljum',64.35,20.5,131,'-518140800000','13046399000',0);
INSERT INTO "Stations" VALUES (150270,'Västanträsk',64.4502,20.4055,140,'15638400000','1220227199000',0);
INSERT INTO "Stations" VALUES (150450,'Skellefteå',64.7584,20.9478,40,'-283996800000','310262399000',0);
INSERT INTO "Stations" VALUES (150640,'Klutmark',64.75,20.6333,80,'-610156800000','-110592001000',0);
INSERT INTO "Stations" VALUES (151220,'Lövånger',64.3636,21.3152,21,'-283996800000','1104537599000',0);
INSERT INTO "Stations" VALUES (151240,'Hökmarksberget V',64.4358,21.28,92,'825638400000','1451628000000',0);
INSERT INTO "Stations" VALUES (151280,'Bjuröklubb A',64.4799,21.5754,35.41,'818985600000','1608904800000',1);
INSERT INTO "Stations" VALUES (151290,'Bjuröklubb',64.4806,21.5787,36,'-2848089600000','883612799000',0);
INSERT INTO "Stations" VALUES (151380,'Skellefteå Flygplats',64.6244,21.0717,48,'-252460800000','1608904800000',1);
INSERT INTO "Stations" VALUES (151550,'Furuögrund',64.9112,21.2263,10,'-5270400000','431222399000',0);
INSERT INTO "Stations" VALUES (151600,'Ånäset',64.2659,21.0457,15,'-242092800000','-189388801000',0);
INSERT INTO "Stations" VALUES (151640,'Ursviken',64.7166,21.15,5,'-283996800000','-79056001000',0);
INSERT INTO "Stations" VALUES (154710,'Storvall',65.067,14.825,560,'-184204800000','-123552001000',0);
INSERT INTO "Stations" VALUES (154720,'Klimpfjäll',65.062,14.7908,594,'-788918400000','817775999000',0);
INSERT INTO "Stations" VALUES (154730,'Stekenjokk A',65.0929,14.5055,1037.322,'814665600000','1608904800000',1);
INSERT INTO "Stations" VALUES (154740,'Stekenjokk',65.111,14.485,800,'-182908800000','-92016001000',0);
INSERT INTO "Stations" VALUES (154860,'Abelvattnet Aut',65.53,14.97,665,'483753600000','841535999000',0);
INSERT INTO "Stations" VALUES (155710,'Blaikliden',65.0464,15.7486,520,'265507200000','962409599000',0);
INSERT INTO "Stations" VALUES (155720,'Marsliden',65.0251,15.3668,550,'973036800000','1385855999000',0);
INSERT INTO "Stations" VALUES (155770,'Kittelfjäll',65.25,15.5,560,'-283996800000','-115862401000',0);
INSERT INTO "Stations" VALUES (155790,'Gielas A',65.3269,15.0645,578.328,'844128000000','1608904800000',1);
INSERT INTO "Stations" VALUES (155900,'Boksjö',65.6772,15.8245,475,'-13219200000','1422835199000',0);
INSERT INTO "Stations" VALUES (155910,'Tärnaby',65.7166,15.25,450,'-2432505600000','94694399000',0);
INSERT INTO "Stations" VALUES (155940,'Hemavan',65.821,15.086,482.03,'-144720000000','1215561599000',0);
INSERT INTO "Stations" VALUES (155960,'Hemavan-Gierevarto A',65.7813,15.0623,793.504,'560995200000','1608904800000',1);
INSERT INTO "Stations" VALUES (155970,'Hemavan Flygplats',65.8077,15.0854,458,'1199145600000','1608904800000',1);
INSERT INTO "Stations" VALUES (156730,'Långvattnet',65.1049,16.6919,420,'-1262304000000','917827199000',0);
INSERT INTO "Stations" VALUES (156770,'Dikanäs',65.2337,16.0018,484,'-391910400000','1312156799000',0);
INSERT INTO "Stations" VALUES (156790,'Dikanäs Skansnäs',65.3235,16.0353,525,'428544000000','952991999000',0);
INSERT INTO "Stations" VALUES (156850,'Danasjö',65.5374,16.5393,652,'265507200000','1028159999000',0);
INSERT INTO "Stations" VALUES (156940,'Vindel-Björkheden',65.8211,16.7114,350,'244512000000','823132799000',0);
INSERT INTO "Stations" VALUES (156990,'Ammarnäs',65.9744,16.2283,440,'55123200000','967766399000',0);
INSERT INTO "Stations" VALUES (157720,'Stensele',65.0706,17.1536,325,'-3124137600000','1104537599000',0);
INSERT INTO "Stations" VALUES (157860,'Sorsele',65.5387,17.5409,350.191,'-13219200000','1608904800000',1);
INSERT INTO "Stations" VALUES (157870,'Buresjön A',65.558,17.8554,394.05,'814665600000','1608904800000',1);
INSERT INTO "Stations" VALUES (157930,'Vindel-Storsjö',65.7666,17.05,345,'-283996800000','241919999000',0);
INSERT INTO "Stations" VALUES (158740,'Malå-Brännan A',65.1512,18.5935,363.111,'818985600000','1608904800000',1);
INSERT INTO "Stations" VALUES (158750,'Malå',65.1812,18.7421,308.635,'-283996800000','1608904800000',1);
INSERT INTO "Stations" VALUES (158850,'Storberg',65.5085,18.9505,453,'-662688000000','809913599000',0);
INSERT INTO "Stations" VALUES (158990,'Abraur',65.9857,18.9195,368.079,'678326400000','1606780799000',1);
INSERT INTO "Stations" VALUES (159600,'Stormyrheden',65.78,19.38,445,'-1262304000000','-891561601000',0);
INSERT INTO "Stations" VALUES (159680,'Saltmyran',65.4166,19.5,350,'-1073001600000','-168307201000',0);
INSERT INTO "Stations" VALUES (159770,'Glommersträsk',65.2764,19.6839,394.387,'-65836800000','1608904800000',1);
INSERT INTO "Stations" VALUES (159880,'Arvidsjaur A',65.5941,19.2642,382.45,'823132800000','1608904800000',1);
INSERT INTO "Stations" VALUES (159970,'Suddesjaur',65.8952,19.0929,342,'-662688000000','678326399000',0);
INSERT INTO "Stations" VALUES (160600,'Dalliden',65.0157,20.3127,330,'-788918400000','-660009601000',0);
INSERT INTO "Stations" VALUES (160740,'Fällfors',65.1317,20.7891,195,'-410227200000','820454399000',0);
INSERT INTO "Stations" VALUES (160750,'Fällfors Mo',65.1089,20.7652,195,'830908800000','1120175999000',0);
INSERT INTO "Stations" VALUES (160790,'Myrheden',65.2984,20.2124,250,'-796867200000','457487999000',0);
INSERT INTO "Stations" VALUES (160960,'Vidsel',65.8801,20.1315,180,'-315619200000','1606780799000',1);
INSERT INTO "Stations" VALUES (160970,'Vidsel Mo',65.875,20.15,182.566,'830908800000','1608904800000',1);
INSERT INTO "Stations" VALUES (161650,'Hednoret',65.8333,21.55,27,'-410227200000','-205286401000',0);
INSERT INTO "Stations" VALUES (161680,'Sunderbyn',65.7,21.85,20,'-283996800000','-31536001000',0);
INSERT INTO "Stations" VALUES (161690,'Älvsby Skogsskola',65.6833,21.0666,40,'-283996800000','-181526401000',0);
INSERT INTO "Stations" VALUES (161710,'Pite-Rönnskär A',65.034,21.5609,4.878,'-915148800000','1608904800000',1);
INSERT INTO "Stations" VALUES (161770,'Pitsund',65.23,21.52,8,'-168307200000','78796799000',0);
INSERT INTO "Stations" VALUES (161780,'Haraholmen',65.2391,21.6317,4,'115689600000','586396799000',0);
INSERT INTO "Stations" VALUES (161790,'Piteå',65.2625,21.474,8.268,'-3487190400000','1608904800000',1);
INSERT INTO "Stations" VALUES (161800,'Öjebyn',65.3566,21.389,5,'-283996800000','-89596801000',0);
INSERT INTO "Stations" VALUES (161810,'Lillpite',65.375,21.1653,15,'-788918400000','-757382401000',0);
INSERT INTO "Stations" VALUES (161910,'Älvsbyn A',65.6691,21.062,43.384,'-115862400000','1608904800000',1);
INSERT INTO "Stations" VALUES (161920,'Sävast V',65.7527,21.765,9,'1291161600000','1451628000000',0);
INSERT INTO "Stations" VALUES (161930,'Brännbergs försöksgård',65.8,21.2666,88,'-788918400000','-228873601000',0);
INSERT INTO "Stations" VALUES (161940,'Boden Mo',65.814,21.635,25.2,'-249782400000','1608904800000',1);
INSERT INTO "Stations" VALUES (162790,'Rödkallen A',65.3121,22.3709,1.932,'-283996800000','1608904800000',1);
INSERT INTO "Stations" VALUES (162800,'Farstugrunden Aut',65.33,22.75,1,'349833600000','819590399000',0);
INSERT INTO "Stations" VALUES (162860,'Luleå Flygplats',65.543,22.124,19.9,'-662688000000','1608904800000',1);
INSERT INTO "Stations" VALUES (162870,'Luleå-Bergnäset',65.5746,22.11,12.156,'-1262304000000','1608904800000',1);
INSERT INTO "Stations" VALUES (162970,'Högsön',65.8849,22.3961,8,'-788918400000','368150399000',0);
INSERT INTO "Stations" VALUES (162980,'Orrbyn',65.9446,22.116,15,'-168285600000','1309564799000',0);
INSERT INTO "Stations" VALUES (163680,'Björkfors',65.9166,23.4666,10,'-788918400000','-205286401000',0);
INSERT INTO "Stations" VALUES (163900,'Storön A',65.6972,23.0959,2.394,'820454400000','1608904800000',1);
INSERT INTO "Stations" VALUES (163920,'Storöhamn',65.7306,23.0924,7,'-2678400000','820454399000',0);
INSERT INTO "Stations" VALUES (163940,'Kalix',65.85,23.2,6,'-662688000000','-5270401000',0);
INSERT INTO "Stations" VALUES (163950,'Haparanda',65.8367,24.113,5,'-3487190400000','1357084799000',0);
INSERT INTO "Stations" VALUES (163960,'Haparanda A',65.8237,24.1112,13.243,'1225497600000','1608904800000',1);
INSERT INTO "Stations" VALUES (166810,'Jäckvik',66.3874,16.9714,433.56,'-988848000000','1608904800000',1);
INSERT INTO "Stations" VALUES (166870,'Vuoggatjålme',66.5759,16.3511,500,'-283996800000','820454399000',0);
INSERT INTO "Stations" VALUES (166900,'Mierkenis Aut',66.6798,16.1137,600,'631152000000','846806399000',0);
INSERT INTO "Stations" VALUES (166910,'Mierkenis A',66.6802,16.1053,613.982,'833587200000','1608904800000',1);
INSERT INTO "Stations" VALUES (166940,'Lillviken-Roparudden V',66.486,16.4173,483,'828316800000','1451628000000',0);
INSERT INTO "Stations" VALUES (167710,'Arjeplog A',66.0513,17.8396,430.839,'-662688000000','1608904800000',1);
INSERT INTO "Stations" VALUES (167730,'Laisvallsby',66.1347,17.1748,460,'115689600000','394329599000',0);
INSERT INTO "Stations" VALUES (167800,'Jäkkvik V',66.3242,17.0944,552,'1291161600000','1451628000000',0);
INSERT INTO "Stations" VALUES (167860,'Stenudden',66.5343,17.6677,453,'-134179200000','633830399000',0);
INSERT INTO "Stations" VALUES (167980,'Kvikkjokk-Årrenjarka',66.8876,18.0179,314,'-2598220800000','1364774399000',0);
INSERT INTO "Stations" VALUES (167990,'Kvikkjokk-Årrenjarka A',66.8874,18.0198,314.692,'1225497600000','1608904800000',1);
INSERT INTO "Stations" VALUES (168910,'Karats',66.6932,18.8146,414,'128908800000','144547199000',0);
INSERT INTO "Stations" VALUES (169790,'Tjåkaape Mo',66.309,19.21,580.4,'1146441600000','1608904800000',1);
INSERT INTO "Stations" VALUES (169860,'Vajmat V',66.505,19.675,325,'825638400000','1451628000000',0);
INSERT INTO "Stations" VALUES (169880,'Jokkmokk',66.6135,19.8316,240,'-3124137600000','1530403199000',0);
INSERT INTO "Stations" VALUES (169930,'Randijaur',66.761,19.3168,290,'-94694400000','99791999000',0);
INSERT INTO "Stations" VALUES (169980,'Porjus',66.9597,19.823,375,'-283996800000','-76377601000',0);
INSERT INTO "Stations" VALUES (170630,'Bodträskfors',66.0792,20.925,30,'-788918400000','-749606401000',0);
INSERT INTO "Stations" VALUES (170670,'Harads',66.0833,20.9666,35,'-283996800000','10367999000',0);
INSERT INTO "Stations" VALUES (170790,'Sudok',66.3006,20.424,170,'178761600000','799286399000',0);
INSERT INTO "Stations" VALUES (170850,'Murjek',66.4826,20.8813,260,'-594518400000','394329599000',0);
INSERT INTO "Stations" VALUES (170860,'Jokkmokk Flygplats Mo',66.491,20.142,275.4,'951868800000','1608904800000',1);
INSERT INTO "Stations" VALUES (170920,'Sarkavara',66.7374,20.3605,385,'-283996800000','-199929601000',0);
INSERT INTO "Stations" VALUES (170930,'Nattavaara A',66.7516,20.9238,327.631,'-283996800000','1608904800000',1);
INSERT INTO "Stations" VALUES (171710,'Lassbyn',66.0689,21.8228,30,'-788918400000','-747014401000',0);
INSERT INTO "Stations" VALUES (171770,'Lappträsket',66.2283,21.7881,60,'-2678400000','44582399000',0);
INSERT INTO "Stations" VALUES (171780,'Norriån',66.25,21.8,55,'-45964800000','47174399000',0);
INSERT INTO "Stations" VALUES (171790,'Lakaträsk A',66.2789,21.1285,185.031,'816912000000','1608904800000',1);
INSERT INTO "Stations" VALUES (171810,'Pålkem',66.3888,21.6098,265,'-283996800000','504921599000',0);
INSERT INTO "Stations" VALUES (171820,'Pålkem M',66.3855,21.6167,261,'10368000000','973036799000',0);
INSERT INTO "Stations" VALUES (171920,'Nattavaara by',66.7586,21.0537,350,'-244684800000','1093996799000',0);
INSERT INTO "Stations" VALUES (172680,'Naisheden',66.5333,22.3666,95,'-662688000000','-236822401000',0);
INSERT INTO "Stations" VALUES (172740,'Gyljen',66.3792,22.7139,50,'-788918400000','-747014401000',0);
INSERT INTO "Stations" VALUES (172770,'Överkalix-Svartbyn A',66.2618,22.8427,61.024,'817776000000','1608904800000',1);
INSERT INTO "Stations" VALUES (172790,'Överkalix-Svartbyn',66.2646,22.8365,46,'-236736000000','817775999000',0);
INSERT INTO "Stations" VALUES (172920,'Markusvinsa',66.7259,22.894,163.362,'1020211200000','1608904800000',1);
INSERT INTO "Stations" VALUES (172940,'Paharova A',66.8094,22.3315,227.643,'817776000000','1608904800000',1);
INSERT INTO "Stations" VALUES (173810,'Övertorneå',66.386,23.6155,59.508,'-473385600000','1608904800000',1);
INSERT INTO "Stations" VALUES (173900,'Ylinenjärvi A',66.6223,23.4635,133.672,'818985600000','1608904800000',1);
INSERT INTO "Stations" VALUES (173960,'Korpilombolo M',66.8542,23.0571,178,'-123552000000','809913599000',0);
INSERT INTO "Stations" VALUES (176800,'Staloluokta',67.4083,16.4199,600,'620611200000','783647999000',0);
INSERT INTO "Stations" VALUES (177920,'Ritsem',67.7261,17.4718,521,'352252800000','886291199000',0);
INSERT INTO "Stations" VALUES (177930,'Ritsem A',67.7255,17.4668,541.214,'873072000000','1608904800000',1);
INSERT INTO "Stations" VALUES (178680,'Saltoluokta',67.3833,18.55,393,'-249782400000','-242092801000',0);
INSERT INTO "Stations" VALUES (178740,'Aktse',67.1498,18.3061,530,'-412905600000','370742399000',0);
INSERT INTO "Stations" VALUES (178790,'Aluokta',67.3094,18.9011,385,'-2678400000','1064966399000',0);
INSERT INTO "Stations" VALUES (178820,'Björkudden',67.3956,18.7156,376,'1080777600000','1608904800000',1);
INSERT INTO "Stations" VALUES (178850,'Satis',67.5009,18.3911,425,'283996800000','804556799000',0);
INSERT INTO "Stations" VALUES (178860,'Stora Sjöfallet A',67.4948,18.2907,426.536,'825638400000','1608904800000',1);
INSERT INTO "Stations" VALUES (178970,'Tarfala A',67.9124,18.6101,1143.653,'815184000000','1608904800000',1);
INSERT INTO "Stations" VALUES (179740,'Ålloluokta',67.1261,19.4976,370,'265507200000','1104537599000',0);
INSERT INTO "Stations" VALUES (179950,'Nikkaluokta',67.8488,19.0233,470,'-283996800000','599615999000',0);
INSERT INTO "Stations" VALUES (179960,'Nikkaluokta A',67.8527,19.0212,466.765,'596937600000','1608904800000',1);
INSERT INTO "Stations" VALUES (180710,'Harrträsk',67.0333,20.7,410,'-63158400000','63071999000',0);
INSERT INTO "Stations" VALUES (180740,'Gällivare Flygplats',67.1358,20.8144,312,'40780800000','699407999000',0);
INSERT INTO "Stations" VALUES (180750,'Malmberget',67.1681,20.6389,400,'-817862400000','1606780799000',1);
INSERT INTO "Stations" VALUES (180760,'Gällivare A',67.1407,20.6413,358.975,'-2561328000000','1608904800000',1);
INSERT INTO "Stations" VALUES (180770,'Latnivaara A',67.2551,20.2704,453.191,'816912000000','1608904800000',1);
INSERT INTO "Stations" VALUES (180940,'Kiruna Flygplats',67.827,20.3387,459,'-394588800000','1608904800000',1);
INSERT INTO "Stations" VALUES (180960,'Kiruna',67.85,20.2333,505,'-2253744000000','-157766401000',0);
INSERT INTO "Stations" VALUES (181890,'Svappavaara',67.6501,21.0558,327,'-283996800000','520559999000',0);
INSERT INTO "Stations" VALUES (181900,'Vittangi',67.6943,21.6335,250,'-283996800000','1608904800000',1);
INSERT INTO "Stations" VALUES (181970,'Esrange',67.8907,21.0832,320.617,'757382400000','1608904800000',1);
INSERT INTO "Stations" VALUES (182720,'Kompelusvaara',67.0919,22.2178,263,'-283996800000','478483199000',0);
INSERT INTO "Stations" VALUES (182810,'Saittarova A',67.3363,22.2288,240.652,'818985600000','1608904800000',1);
INSERT INTO "Stations" VALUES (182910,'Parkalompolo A',67.7301,22.8219,312.183,'818985600000','1608904800000',1);
INSERT INTO "Stations" VALUES (182930,'Lainio',67.7615,22.3518,315,'-283996800000','1606780799000',1);
INSERT INTO "Stations" VALUES (183750,'Pajala A',67.2036,23.3899,163.774,'1199145600000','1608904800000',1);
INSERT INTO "Stations" VALUES (183760,'Pajala',67.2101,23.3928,168,'-599616000000','1215129599000',0);
INSERT INTO "Stations" VALUES (183980,'Muodoslompolo',67.9443,23.4441,240,'-283996800000','823132799000',0);
INSERT INTO "Stations" VALUES (188700,'Låktatjåkko',68.375,18.458,1220,'-278899200000','-42076801000',0);
INSERT INTO "Stations" VALUES (188790,'Abisko Aut',68.3538,18.8164,392.303,'481161600000','1608904800000',1);
INSERT INTO "Stations" VALUES (188800,'Abisko',68.3538,18.8166,393.38,'-126230400000','1580515199000',1);
INSERT INTO "Stations" VALUES (188810,'Vassijaure',68.4316,18.2839,537,'-1456963200000','736214399000',0);
INSERT INTO "Stations" VALUES (188820,'Katterjåkk',68.4207,18.167,513.911,'-10540800000','1556668799000',1);
INSERT INTO "Stations" VALUES (188830,'Riksgränsen',68.4284,18.1302,508,'-2064441600000','84153599000',0);
INSERT INTO "Stations" VALUES (188840,'Tornehamn Aut',68.4324,18.6281,512,'525916800000','733644000000',0);
INSERT INTO "Stations" VALUES (188850,'Katterjåkk A',68.4202,18.168,514.248,'1225497600000','1608904800000',1);
INSERT INTO "Stations" VALUES (189720,'Rensjön A',68.073,19.8351,493.651,'818985600000','1608904800000',1);
INSERT INTO "Stations" VALUES (189760,'Torneträsk',68.2201,19.7123,393,'52531200000','799286399000',0);
INSERT INTO "Stations" VALUES (189780,'Kattuvuoma',68.2833,19.9,355,'-283996800000','55123199000',0);
INSERT INTO "Stations" VALUES (191720,'Nedre Soppero V',68.044,21.755,355,'825638400000','1451628000000',0);
INSERT INTO "Stations" VALUES (191900,'Naimakka',68.6779,21.5277,403,'-283996800000','823132799000',0);
INSERT INTO "Stations" VALUES (191910,'Naimakka A',68.6762,21.5229,402.202,'814665600000','1608904800000',1);
INSERT INTO "Stations" VALUES (192710,'Lannavaara',68.0502,21.9814,630,'-352425600000','425865599000',0);
INSERT INTO "Stations" VALUES (192830,'Karesuando',68.4421,22.4502,330,'-2879625600000','1346457599000',0);
INSERT INTO "Stations" VALUES (192840,'Karesuando A',68.4418,22.4435,329.68,'1225497600000','1608904800000',1);
CREATE INDEX IF NOT EXISTS "idx_dtvalue" ON "Data" (
	"DateTimeValue"
);
COMMIT;
